1,Max Filhote,216,0,0,207,134,1,7,119,119,1025,0,0,17,25,18,17,45,0,0,0,0,0,12,0,1
2,Max Domesticado,216,0,0,228,45,4,8,119,119,1025,0,0,16,34,20,36,45,0,0,0,0,0,14,0,1
3,Merkbee,303,0,0,242,153,3,3,119,119,1025,0,0,21,16,27,35,45,0,0,0,0,0,15,0,1
4,Toupeira Covarde,209,0,0,230,65375,4,7,119,119,1024,0,0,36,61,35,54,45,0,0,0,0,0,15,0,1
5,Toupeira Exilada,209,0,0,249,65402,5,8,119,119,1024,0,0,40,18,58,18,45,0,0,0,0,0,16,0,1
10,Lazil,253,0,0,1640,65447,4,15,119,119,1025,0,0,38,30,60,57,45,0,0,0,0,0,35,0,1
11,Toupeira Mensageira,255,0,0,622,44,5,9,119,119,1024,0,0,17,41,35,41,45,0,0,0,0,0,33,0,1
13,Kubary Munta,210,0,1432,297,270,6,7,119,119,1024,0,0,37,48,65,41,45,0,0,0,0,0,16,0,1
14,Kubary Munta Furioso,210,0,1432,318,65492,7,8,119,119,1024,0,0,17,27,33,21,45,0,0,0,0,0,17,0,1
15,Kereku,244,0,1432,1864,153,8,15,119,119,1024,0,0,133,252,120,219,45,0,0,0,0,0,250,0,1
16,Max Selvagem,220,0,0,318,65402,7,8,119,119,1025,0,0,25,44,25,67,45,0,0,0,0,0,17,0,1
17,Kubary Magi,210,0,1434,346,65473,8,8,119,119,1024,0,0,43,24,33,25,45,0,0,0,0,0,18,0,1
19,Toupeira,209,0,0,412,134,9,8,119,119,1024,0,0,65,47,55,105,45,0,0,0,0,0,23,0,1
20,Toupeira Colecionadora,209,0,0,436,0,10,8,119,119,1024,0,0,61,19,76,117,45,0,0,0,0,0,24,0,1
21,Kali Kali,255,0,0,2146,90,11,16,119,119,1024,0,0,256,258,36,29,45,0,0,0,0,0,125,0,1
22,Kubary Turic,212,0,1432,510,18,11,8,119,119,1024,0,0,50,32,139,102,45,0,0,0,0,0,28,0,1
23,Kubary Turic Forte,212,0,1434,544,44,12,9,119,119,1024,0,0,19,62,94,91,45,0,0,0,0,0,30,0,1
24,Kubary Turic Sentinela,212,0,1435,570,26,13,9,119,119,1024,0,0,39,31,64,111,45,0,0,0,0,0,32,0,1
25,Mugabe,246,0,1434,2512,0,14,16,119,119,1024,0,0,32,67,144,20,45,0,0,0,0,0,450,0,1
34,York Faminto,219,0,0,1988,0,19,10,119,119,1025,0,0,94,29,96,102,45,0,0,0,0,0,110,0,1
27,York Bico Amarelo,217,0,0,605,65492,14,8,119,119,1025,0,0,76,137,40,94,45,0,0,0,0,0,34,0,1
28,Hariri,218,0,0,2898,65402,15,16,119,119,1025,0,0,45,80,69,164,45,0,0,0,0,0,218,0,1
29,Toupeira Vigilante,206,0,0,575,65402,15,7,119,119,1024,0,0,35,97,70,73,45,0,0,0,0,0,32,0,1
30,Toupeira Saqueadora,206,0,0,606,65510,16,8,119,119,1024,0,0,67,37,67,76,45,0,0,0,0,0,33,0,1
31,York Asas Vermelhas,218,0,0,717,179,17,8,119,119,1025,0,0,73,43,21,186,45,0,0,0,0,0,39,0,1
32,York Asas Sangrentas,218,0,0,752,179,18,9,119,119,1025,0,0,103,109,96,195,45,0,0,0,0,0,41,0,1
33,Sentamu,255,0,0,3612,240,17,20,119,119,1024,0,0,53,74,166,71,45,0,0,0,0,0,250,0,1
35,Kubary Yao Vigilante,211,0,1434,752,134,18,9,119,119,1024,0,0,52,69,78,156,45,0,0,0,0,0,41,0,1
37,Nerine Lama,204,0,0,752,0,18,6,119,119,1025,0,0,51,227,26,33,45,0,0,0,0,0,41,0,1
38,Max Canibal,253,0,0,795,44,19,10,119,119,1025,0,0,43,72,103,137,45,0,0,0,0,0,44,0,1
39,Albateron Pele Apodrecida,204,0,0,3500,44,19,15,119,119,1025,0,0,15,125,98,124,45,0,0,0,0,0,500,0,1
40,Kitol Queixo de Ferro,254,0,0,3500,200,20,20,119,119,1025,0,0,110,33,222,159,45,0,0,0,0,0,750,0,1
141,Nerine Pantano,204,0,0,838,65447,20,7,119,119,1025,0,0,44,222,120,234,45,0,0,0,0,0,46,0,1
142,Kubary Yao Norte,211,0,1434,838,44,20,9,119,119,1024,0,0,70,194,83,69,45,0,0,0,0,0,46,0,1
143,Kubary Yao Norte Guerreiro,211,0,1434,882,65402,21,9,119,119,1024,0,0,56,37,20,212,45,0,0,0,0,0,49,0,1
145,Kmaran da Destruicao,245,0,1434,2204,65402,21,15,119,119,1024,0,0,100,73,25,149,45,0,0,0,0,0,125,0,1
146,Kubary Yao Sul,211,0,1432,882,44,21,9,119,119,1024,0,0,46,79,257,22,45,0,0,0,0,0,49,0,1
147,Nerine Veneno Mortal,204,0,0,927,65492,22,7,119,119,1025,0,0,104,133,113,167,45,0,0,0,0,0,51,0,1
148,Kubary Yao Sul Lutador,211,0,1435,927,150,23,10,119,119,1024,0,0,85,105,278,173,45,0,0,0,0,0,51,0,1
149,Kerker da Morte Subita,204,0,0,2438,65510,23,15,119,119,1025,0,0,100,116,151,108,45,0,0,0,0,0,285,0,1
150,Afanu Invencivel,245,0,1444,3438,44,23,15,119,119,1024,0,0,42,134,164,117,45,0,0,0,0,0,250,0,1
151,Dmitri Haskil,10,151,2559,5360,65522,12,14,119,119,1024,0,0,100,56,31,53,45,113,129,1,1,1,275,0,1
152,Alau,237,0,0,408,179,11,7,119,119,1026,0,0,47,48,46,134,45,0,0,0,0,0,22,0,1
153,Anfitriao Alau,237,0,0,1019,44,11,9,119,119,1026,0,0,15,35,63,58,45,0,0,0,0,0,56,0,1
154,Larva do Guru Docil,243,0,0,1043,90,22,4,119,119,1027,0,0,103,95,86,105,45,0,0,0,0,0,57,1,1
155,Larva do Guru,243,0,0,1097,65420,23,4,119,119,1027,0,0,18,117,115,152,45,0,0,0,0,0,60,1,1
156,Ladrao do Cla Dread,235,0,1430,1159,134,22,7,119,119,1024,0,0,73,52,271,166,45,0,0,0,0,0,64,1,1
157,Arqueiro do Cla Dread,235,0,0,1043,44,22,7,119,119,1024,0,0,54,98,43,158,45,0,0,0,0,0,57,1,1
158,Guerreiro do Cla Dread,235,0,1431,1219,65492,23,7,119,119,1024,0,0,35,76,167,83,45,0,0,0,0,0,67,1,1
290,Saqueador do Cla Dread,235,0,0,1415,44,28,8,119,119,1024,0,0,147,74,267,252,45,0,0,0,0,0,78,1,1
160,Vigilante do Cla Dread,235,0,0,1097,153,23,7,119,119,1024,0,0,143,140,192,219,45,0,0,0,0,0,60,1,1
161,Carrasco do Cla Dread,235,0,1431,1278,65402,24,7,119,119,1024,0,0,32,251,68,113,45,0,0,0,0,0,71,1,1
162,Nerine da Lagoa Macho,268,0,0,1278,21,24,5,119,119,1025,0,0,77,95,98,248,45,0,0,0,0,0,71,1,1
163,Nerine da Lagoa Femea,268,0,0,1349,65402,25,6,119,119,1025,0,0,58,232,51,53,45,0,0,0,0,0,74,1,1
164,Sharph,240,0,0,1278,44,24,4,119,119,1025,0,0,68,255,44,67,45,0,0,0,0,0,71,1,1
165,Sharph Escama Venenosa,240,0,0,1349,0,25,5,119,119,1025,0,0,46,120,102,148,45,0,0,0,0,0,74,1,1
166,Garubian,242,0,0,1349,0,25,5,119,119,1025,0,0,24,189,36,60,45,0,0,0,0,0,74,1,1
167,Garubian Docil,242,0,0,1420,179,26,6,119,119,1025,0,0,83,66,96,49,45,0,0,0,0,0,78,1,1
168,Garubian Violento,239,0,0,1349,65402,25,5,119,119,1025,0,0,51,93,19,72,45,0,0,0,0,0,74,1,1
169,Garubian Furioso,239,0,0,1420,0,26,6,119,119,1025,0,0,21,227,155,203,45,0,0,0,0,0,78,1,1
170,Golem,238,0,0,2024,108,25,10,119,119,1030,0,0,88,256,92,229,45,0,0,0,0,0,112,1,1
171,Golem de Barro,238,0,0,2130,65402,26,11,119,119,1030,0,0,128,305,64,185,45,0,0,0,0,0,118,1,1
183,Max Mutaante,254,0,0,640,65492,3,11,119,119,1025,0,0,26,22,35,48,45,0,0,0,0,0,60,0,1
218,Capitao dos Guardas Gantumo,245,0,1444,2755,65383,21,15,119,119,1024,0,0,19,93,30,128,45,0,0,0,0,0,153,1,1
220,Golem de Facion,270,0,0,2024,89,25,10,119,119,1030,0,0,107,119,64,173,45,0,0,0,0,0,112,1,1
221,Golem de Facion Azul,270,0,0,2130,134,26,11,119,119,1030,0,0,65,292,69,284,45,0,0,0,0,0,118,1,1
226,Guru,243,0,0,1278,44,26,6,119,119,1027,0,0,157,139,159,196,45,0,0,0,0,0,71,1,1
227,Imago de Guru,243,0,0,1352,65402,27,7,119,119,1027,0,0,130,254,73,268,45,0,0,0,0,0,75,1,1
228,Sharph Venenoso,240,0,0,1420,65383,26,6,119,119,1025,0,0,49,55,119,87,45,6161,0,0,6161,0,78,1,1
229,Sharph Veneno Sangrento,240,0,0,1502,134,27,7,119,119,1025,0,0,22,164,299,285,45,6161,0,0,6161,0,83,1,1
230,Golem de Bronze,272,0,0,2253,26,27,10,119,119,1030,0,0,17,208,138,152,45,0,0,0,0,0,125,1,1
231,Golem de Aco,271,0,0,2358,65402,28,10,119,119,1030,0,0,62,206,47,120,45,0,0,0,0,0,131,1,1
232,Expedicao do Cla Dread,235,0,1430,1572,65402,28,7,119,119,1024,0,0,67,138,31,248,45,0,0,0,0,0,87,1,1
234,Perseguidor do Cla Dread,235,0,0,1415,320,28,7,119,119,1024,0,0,143,92,38,281,45,0,0,0,0,0,78,1,1
236,Carniceiro do Cla Dread,235,0,1431,1572,44,28,7,119,119,1024,0,0,15,239,114,294,45,0,0,0,0,0,87,1,1
238,Imago de Guru Violento,243,0,0,1490,65428,29,7,119,119,1027,0,0,179,191,77,266,45,0,0,0,0,0,82,1,1
239,Shaph Gravitacional,240,0,0,1655,65473,29,9,119,119,1025,0,0,111,280,42,244,45,0,0,0,0,0,91,1,1
240,Nerine Barbatana Gigante,268,0,0,1737,65420,30,8,119,119,1025,0,0,194,287,25,95,45,0,0,0,0,0,96,1,1
241,Patrulha do Cla Dread,235,0,1430,1737,26,30,7,119,119,1024,0,0,154,201,86,371,45,0,0,0,0,0,96,1,1
242,Atirador do Cla Dread,235,0,0,1563,134,30,7,119,119,1024,0,0,47,300,160,331,45,0,0,0,0,0,86,1,1
243,Juiz do Cla Dread,235,0,1431,1737,44,30,7,119,119,1024,0,0,170,218,107,109,45,0,0,0,0,0,96,1,1
244,Cavalarico do Cla Dread,235,0,1430,1830,44,31,7,119,119,1024,0,0,31,134,100,73,45,0,0,0,0,0,101,1,1
245,Soldado de Honra do Cla Dread,235,0,0,1647,44,31,7,119,119,1024,0,0,37,164,125,275,45,0,0,0,0,0,91,1,1
246,Guarda Royal do Cla Dread,235,0,1431,1830,44,31,7,119,119,1024,0,0,109,164,17,375,45,0,0,0,0,0,101,1,1
248,Garubian Gravitacional,242,0,0,1830,179,31,9,119,119,1025,0,0,38,115,96,43,45,0,0,0,0,0,101,1,1
250,Garubian Magico,242,0,0,1830,65383,31,9,119,119,1025,0,0,26,172,172,40,45,0,0,0,0,0,101,1,1
252,Golem Gravitacional,270,0,0,2745,134,31,12,119,119,1030,0,0,179,180,46,15,45,0,0,0,0,0,152,1,1
254,Golem Magico,272,0,0,2745,65518,31,12,119,119,1030,0,0,77,333,193,238,45,0,0,0,0,0,152,1,1
259,Grande Marca,269,0,0,30000,116,23,30,119,119,1027,0,0,300,284,300,231,45,6289,4146,6336,0,0,4725,1,1
260,Cicco Braga,31,151,1178,8574,330,24,20,119,119,1024,0,0,400,100,400,210,45,0,0,0,0,0,2250,1,1
261,Filho,260,0,1452,5195,44,24,20,119,119,1024,0,0,148,295,148,222,45,0,0,0,0,0,3000,1,1
262,Nevese Sangrento,268,0,0,20373,65492,25,20,119,119,1025,0,0,256,57,224,195,45,0,0,0,0,0,4500,1,1
263,Sharph Erva,240,0,0,1420,18,25,5,119,119,1025,0,0,45,43,33,294,45,0,0,0,0,0,78,1,1
264,Zobim,242,0,0,8575,44,27,25,119,119,1025,0,0,400,140,400,192,45,0,0,0,0,0,2500,1,1
265,Krigel,271,0,0,8575,90,27,25,119,119,1030,0,0,400,48,400,171,45,0,0,0,0,0,2500,1,1
266,Yunus Sangue Venenoso,240,0,0,8575,44,28,25,119,119,1025,0,0,400,161,400,155,45,6161,6161,6161,6161,6161,2500,1,1
267,Guru Apocaliptico,269,0,0,8575,290,28,25,119,119,1027,0,0,400,400,170,297,45,0,0,0,0,0,1750,1,1
268,Maldonado,235,0,1430,8575,60,30,25,119,119,1024,0,0,400,344,400,271,45,0,0,0,0,0,2500,1,1
269,Torrealba,260,0,1452,8575,116,30,25,119,119,1024,0,0,400,400,370,263,45,0,0,0,0,0,5177,1,1
270,Krauss Deslumbrado,11,151,1038,8575,0,30,25,119,119,1024,0,0,400,185,400,210,45,135,182,135,182,0,2500,1,1
272,Prado,235,0,1430,8343,44,30,25,119,119,1024,0,0,400,41,400,298,45,0,0,0,0,0,2500,1,1
273,Guzman,235,0,0,8908,116,30,25,119,119,1024,0,0,400,85,169,53,45,0,0,0,0,0,2500,1,1
274,Sandoval,235,0,1431,8575,44,31,25,119,119,1024,0,0,500,107,188,16,45,0,0,0,0,0,2500,1,1
275,Oidoph,260,0,1452,8938,44,33,25,119,119,1024,0,0,500,180,500,331,45,0,0,0,0,0,2750,1,1
277,Gamara,238,0,0,7501,65492,32,25,119,119,1030,0,0,400,307,148,26,45,0,0,0,0,0,2500,1,1
278,Flam Azul,290,0,1502,537,65402,24,7,119,119,1030,0,0,300,21,300,193,45,6273,6273,6273,6273,6273,29,1,1
279,Nerine Caverna Cego,268,0,0,1278,134,24,7,119,119,1025,0,0,250,300,28,88,45,0,0,0,0,0,71,1,1
280,Apbas Caverna,265,0,0,1278,65492,24,8,119,119,1025,0,0,250,300,71,287,45,0,0,0,0,0,71,1,1
281,Nerine Caverna,267,0,0,1349,161,25,7,119,119,1025,0,0,250,300,136,177,45,0,0,0,0,0,74,1,1
282,Gymenes Eletrico,266,0,0,1349,65402,25,12,119,119,1025,0,0,250,300,53,181,45,0,0,0,0,0,74,1,1
283,Gymenes Venenoso,266,0,0,1349,44,25,13,119,119,1025,0,0,250,300,300,311,45,0,0,0,0,0,74,1,1
286,Apbas Violento,265,0,0,1420,89,26,9,119,119,1025,0,0,300,300,300,226,45,0,0,0,0,0,78,1,1
287,Garubian Blindado,278,0,0,1420,0,26,7,119,119,1025,0,0,300,300,300,69,45,0,0,0,0,0,78,1,1
289,Explorador do Cla Dread,235,0,1430,1572,71,28,8,119,119,1024,0,0,300,320,300,280,45,0,0,0,0,0,87,1,1
291,Guarda Costas do Cla Dread,235,0,1431,1655,0,29,8,119,119,1024,0,0,300,300,300,200,45,0,0,0,0,0,91,1,1
292,Freddy Bazardo,260,0,1452,6514,44,30,15,119,119,1024,0,0,300,300,328,44,45,0,0,0,0,0,2000,1,1
360,Smilodon,201,0,0,1102,65492,21,7,119,119,1025,0,0,300,39,300,249,45,0,0,0,0,0,56,1,1
383,Crenon do Deserto,288,0,0,1471,0,33,6,119,119,1026,0,0,300,300,135,66,45,6281,0,6281,0,6281,81,1,1
384,Sharph do Deserto,299,0,0,2145,65402,34,7,119,119,1025,0,0,300,153,300,367,45,6278,0,0,0,0,119,1,1
385,Lilitu Patrulheiro,287,0,0,2043,116,33,6,119,119,1024,0,0,300,104,300,33,45,0,0,0,0,0,113,1,1
386,Lilitu do Vento,314,0,0,2145,116,34,7,119,119,1024,0,0,300,348,300,368,45,6280,0,0,0,0,119,1,1
387,Lilitu da Tempestade,314,0,0,2269,63,35,8,119,119,1024,0,0,300,81,300,135,45,6283,6280,0,0,0,126,1,1
388,Crenon de Hematoma,288,0,0,1634,0,35,7,119,119,1026,0,0,300,127,300,385,45,0,0,0,0,0,90,1,1
389,Sharpy de Areia,298,0,0,2269,108,35,8,119,119,1025,0,0,300,188,420,73,45,6278,0,0,0,0,126,1,1
390,Singh Violento Cla Kinga,286,0,1458,2381,44,36,6,119,119,1024,0,0,300,295,300,172,45,6263,0,0,0,0,132,1,1
391,Singh Exotico Cla Kinga,286,0,1458,2381,65473,36,7,119,119,1024,0,0,300,143,300,341,45,6263,0,0,0,0,132,1,1
392,Lilitu do Trovao,315,0,0,2381,44,36,8,119,119,1281,0,0,300,195,300,164,45,6281,0,6281,0,6281,132,1,1
414,Sentinela Radulov,235,0,1430,1159,0,22,15,119,119,1024,0,0,300,300,125,262,45,0,0,0,0,0,2000,1,1
415,Tar Crenon,288,0,0,1714,30,36,8,119,119,1026,0,0,300,168,300,210,45,6281,6264,6264,6281,6264,95,1,1
416,Patrulha Singh Rebu,297,0,1458,2517,44,37,7,119,119,1024,0,0,300,433,300,428,45,6284,6285,0,0,0,139,1,1
417,Guarda Singh Rebu,297,0,1458,2517,65383,37,8,119,119,1024,0,0,300,416,300,421,45,6285,0,6285,0,6285,139,1,1
418,Soldado Veterano Singh Rebu,297,0,1458,2642,65402,38,9,119,119,1024,0,0,300,235,300,230,45,6284,6285,0,0,0,146,1,1
420,Sharph do Calor Intenso,240,0,0,2381,65402,36,8,119,119,1025,0,0,300,85,300,216,45,6278,0,0,0,0,132,1,1
422,Azram,268,0,0,3048,90,24,15,119,119,1025,0,0,300,91,300,99,45,0,0,0,0,0,2000,1,1
423,Tanki,265,0,0,4000000,65387,99,30,119,119,1025,0,0,5000,337,3000,30000,7200,8216,8220,8216,8220,8216,2000,5,1
424,Tigran,266,0,0,4195,44,25,17,119,119,1025,0,0,300,300,97,54,45,0,0,0,0,0,2000,1,1
425,Sansan,290,0,1502,8982,340,26,15,119,119,1029,0,0,300,300,161,289,45,6274,6274,6274,6274,6274,2000,1,1
426,Mikhail Velekov,233,0,1442,9195,0,24,15,119,119,1024,0,0,300,102,300,245,45,0,0,0,0,0,2250,1,1
427,Terence Troisi,232,0,1442,9195,0,24,15,119,119,1024,0,0,300,153,300,21,45,0,0,0,0,0,2250,1,1
428,Merkbee Pote,302,0,0,2642,0,38,3,119,119,1025,0,0,300,300,259,438,45,6289,0,0,0,0,146,1,1
429,Merkbee Sima,304,0,0,2777,44,39,4,119,119,1025,0,0,300,80,300,409,45,6289,0,0,0,0,154,1,1
430,Guarda Cla Leao Branco,312,0,1465,2642,65402,38,7,119,119,1024,0,0,300,40,300,36,45,6331,0,6331,0,0,146,1,1
431,Atirador Cla Leao Branco,312,0,1464,2378,65447,38,7,119,119,1024,0,0,50,119,224,29,45,6332,0,6332,0,0,132,1,1
432,Mago Ilusionista Cla Leao Branco,311,0,1467,2114,134,38,7,119,119,1024,0,0,300,414,500,73,45,6290,6290,6333,6290,6290,117,1,1
433,Soldado Cla Leao Branco,312,0,1465,2777,65492,39,7,119,119,1024,0,0,300,160,382,195,45,6352,6331,6352,6331,0,154,1,1
434,Cacador Cla Leao Branco,312,0,1464,2499,65420,39,7,119,119,1024,0,0,300,198,300,233,45,6353,6362,6353,6362,0,138,1,1
435,Monge Cla Leao Branco,311,0,1467,2222,65492,39,7,119,119,1024,0,0,300,25,300,378,45,6354,6333,6354,6333,0,123,1,1
436,Cubo do Pesadelo,305,0,1502,2999,90,39,7,119,119,1024,0,0,400,114,400,65,45,0,0,0,0,0,166,1,1
437,Fanatico Leao Branco,312,0,1465,5666,0,1329,7,119,119,1024,0,0,582,706,690,466,45,0,0,0,0,0,300,1,1
438,Juiz Pagao Leao Branco,311,0,1467,4732,0,1329,7,119,119,1024,0,0,417,580,669,595,45,6333,6354,0,0,0,300,0,1
439,Smilodon Filhote,201,0,0,661,44,39,3,119,119,1281,0,0,400,400,166,443,45,0,0,0,0,0,77,1,1
440,Smilodon do Deserto,201,0,0,2777,150,39,7,119,119,1281,0,0,400,47,400,254,45,0,0,0,0,0,154,1,1
441,Smilodon da Savana,201,0,0,2922,65402,40,8,119,119,1025,0,0,400,131,400,180,45,0,0,0,0,0,162,1,1
442,Max do Vale Seco,252,0,0,2777,65447,39,10,119,119,1025,0,0,400,400,400,437,45,0,0,0,0,0,154,1,1
443,Max do Vale Lilitu,287,0,0,2922,340,40,7,119,119,1024,0,0,400,98,400,111,45,6334,0,0,0,0,162,1,1
444,Golem do Planalto,238,0,0,4578,89,41,10,119,119,1030,0,0,400,435,400,325,45,6335,0,0,0,0,254,2,1
445,Guru do Planalto,269,0,0,2630,0,40,9,119,119,1027,0,0,400,87,400,314,45,6336,0,0,0,0,146,1,1
446,Toglo do Planalto,316,0,0,2747,65402,41,5,119,119,1027,0,0,400,332,400,131,45,6337,0,0,0,0,152,2,1
447,Patrulheiro Chepa Mavek,324,0,1470,3052,10,41,7,119,119,1024,0,0,400,145,400,420,45,0,0,0,0,0,169,2,1
448,Cacador Chepa Mavek,324,0,1470,3052,65510,41,7,119,119,1024,0,0,400,45,400,430,45,6459,0,0,0,0,169,2,1
449,Mago Chepa Mavek,327,0,1471,2554,161,42,7,119,119,1024,0,0,400,444,400,165,45,6462,0,0,0,0,141,2,1
450,Soldado de Assalto Leao Vermelho,308,0,1465,3193,65518,42,7,119,119,1024,0,0,400,117,400,454,45,6341,0,0,0,0,177,2,1
451,Mosqueteiro Leao Vermelho,308,0,1464,2874,350,42,7,119,119,1024,0,0,400,419,222,358,45,6342,0,0,0,0,159,2,1
452,Mago Negro Leao Vermelho,307,0,1463,2554,0,42,7,119,119,1024,0,0,400,317,400,80,45,6290,6342,6343,6344,0,141,2,1
453,Cubo Mortal,305,0,1502,3449,44,42,8,119,119,1031,0,0,400,426,400,81,45,6344,0,0,0,0,191,2,1
750,Cubo Caotico,305,0,1502,6990,65402,56,12,119,119,63495,0,0,400,400,205,461,45,0,0,0,0,0,388,2,1
455,Guarda Chepa Tahn,324,0,1470,3346,44,43,7,119,119,1024,0,0,400,37,400,510,45,0,0,0,0,0,185,2,1
456,Feiticeiro Chepa Tahn,327,0,1471,2677,0,43,7,119,119,1024,0,0,400,268,400,37,45,6463,6462,0,0,0,148,2,1
457,Guerreiro Chepa Tahn,324,0,1470,3499,153,44,8,119,119,1024,0,0,400,258,400,202,45,6460,0,6460,0,0,194,2,1
473,Huppert,314,0,0,15953,108,36,15,119,119,1024,0,0,500,42,742,174,45,0,0,0,0,0,4000,3,1
474,Bardo Kinga,286,0,1458,16293,60,37,14,119,119,1024,0,0,400,172,54,311,45,6282,0,0,0,0,2750,3,1
475,Gardy,315,0,0,10293,65383,37,15,119,119,1024,0,0,500,400,132,132,45,6283,0,0,0,0,4150,3,1
485,Guarda Real de Regenshein,233,0,1442,97853,30,80,7,119,119,1024,0,0,1000,475,3000,3000,45,0,0,0,0,0,5436,3,1
567,Explorador Cla Trapaceiro,329,0,1472,3652,65402,45,7,119,119,1024,0,0,400,220,383,525,45,0,0,0,0,0,202,2,1
568,Saqueador Cla Trapaceiro,329,0,1472,3652,65492,45,7,119,119,1024,0,0,500,31,49,70,45,6500,0,0,0,0,202,2,1
569,Escavador Cla Trapaceiro,329,0,1472,3818,90,46,7,119,119,1024,0,0,500,76,177,322,45,6501,0,0,0,0,212,2,1
570,Pesquisador Cla Trapaceiro,329,0,1472,3818,65510,46,7,119,119,1024,0,0,500,194,55,112,45,6502,0,0,0,0,212,2,1
571,Arqueologo Cla Trapaceiro,329,0,1472,3995,44,47,7,119,119,1024,0,0,500,259,25,289,45,0,0,0,0,0,221,2,1
572,Alquimista Harrow,329,0,1472,20430,116,49,16,119,119,1024,0,0,500,500,500,500,45,6502,6500,0,0,0,4000,4,1
573,Academico Ermanno,329,0,1472,30430,44,48,16,119,119,1024,0,0,500,500,500,500,45,6501,6505,0,0,0,4000,4,1
574,Ovis da Antiguidade,292,0,1460,4009,0,46,7,119,119,1028,0,0,500,430,82,334,45,0,0,0,0,0,222,2,1
575,Ovis do Espirito Maligno,292,0,1460,4195,179,47,7,119,119,1028,0,0,600,280,78,317,45,0,0,0,0,0,233,2,1
576,Ovis do Grito,292,0,1460,4381,65447,48,8,119,119,1028,0,0,600,35,130,496,45,0,0,0,0,0,243,2,1
577,Asafa,292,0,1460,21419,180,49,10,119,119,1028,0,0,500,500,500,500,45,6467,0,0,0,0,4000,4,1
578,Thadeth,292,0,1460,21419,0,49,10,119,119,1028,0,0,500,500,500,500,45,0,0,0,0,0,4000,4,1
579,Espectador da Antiguidade,317,0,1504,4009,89,46,7,119,119,1028,0,0,600,232,600,379,45,6477,0,0,0,0,222,2,1
580,Espectador do Espirito Maligno,317,0,1504,4195,44,47,8,119,119,1028,0,0,600,71,577,546,45,0,0,0,0,0,233,2,1
581,Mimico das Ruinas,318,0,1505,5006,44,48,7,119,119,1031,0,0,600,120,397,440,45,0,0,0,0,0,278,2,1
606,Merkbee Rainha,302,0,0,16943,290,39,14,119,119,1025,0,0,500,500,500,500,45,6289,0,0,0,0,4000,3,1
607,Bayal Zersegnai,312,0,1465,17305,50,40,13,119,119,1024,0,0,600,600,49,530,45,6252,0,0,0,0,4000,3,1
608,Bayal Kaghiese,311,0,1467,16105,44,41,13,119,119,1024,0,0,650,500,500,500,45,6356,6362,0,0,0,4000,3,1
609,Ladia Gras,20,7700,1003,17305,130,40,13,119,119,1024,0,0,650,43,700,500,45,1153,0,0,0,0,4000,3,1
610,Jark Djubled,50,7700,1248,15845,270,40,13,119,119,1024,0,0,650,500,700,500,45,4017,0,0,0,0,4000,3,1
627,Bajor Smertin,312,0,1464,16868,65492,41,13,119,119,1024,0,0,700,700,700,500,45,6469,0,0,0,0,4000,3,1
629,Toglo Fevoroso,316,0,0,2747,26,41,7,119,119,1027,0,0,300,169,300,473,45,0,0,0,0,0,152,2,1
630,Libelle Fevoroso,319,0,1502,2747,0,41,7,119,119,1027,0,0,300,50,307,155,45,0,0,0,0,0,152,2,1
631,Lainen,319,0,1502,20000,65518,42,18,119,119,1027,0,0,700,700,500,500,45,0,0,0,0,0,2300,3,1
636,Nucci,243,0,0,50554,170,42,20,119,119,1027,0,0,500,500,500,500,45,0,0,0,0,0,4500,4,1
637,Besch,316,0,0,37185,134,42,15,119,119,1027,0,0,700,700,500,500,45,0,0,0,0,0,4500,4,1
638,Chefe Anmorra,327,0,1471,16693,180,43,12,119,119,1024,0,0,700,700,500,500,45,0,0,0,0,0,2500,4,1
639,Chefe Baba,324,0,1470,18748,60,44,12,119,119,1024,0,0,700,500,700,500,45,6461,0,6461,0,6461,2500,4,1
640,Sulima,324,0,1470,60130,44,45,15,119,119,1024,0,0,700,700,41,500,45,6461,0,0,0,0,4500,4,1
643,Membro do Cla Trapaceiro,329,0,1472,3499,65473,44,7,119,119,1024,0,0,300,161,300,363,45,0,0,0,0,0,194,2,1
645,Esther Simons,41,7708,1146,35430,44,49,13,119,119,1024,0,0,700,700,778,538,45,2993,3073,3208,2890,2890,4500,4,1
646,Lubna Fabian,42,7709,1146,35430,44,49,13,119,119,1024,0,0,700,537,163,538,45,3069,3313,3265,2890,2890,4500,4,1
661,York Cahill,219,0,0,3818,65402,46,11,119,119,1025,0,0,600,125,549,19,45,0,0,0,0,0,212,2,1
662,Alau Infectado,237,0,0,3196,65465,47,11,119,119,1026,0,0,600,67,385,35,45,0,0,0,0,0,177,2,1
663,Alau Contaminoso,237,0,0,3196,44,47,11,119,119,1026,0,0,600,262,192,146,45,0,0,0,0,0,177,2,1
664,Lanceiro Esqueleto das Ruinas,277,0,1455,4381,0,48,10,119,119,1029,0,0,600,64,425,209,45,0,0,0,0,0,243,2,1
665,Soldado de Assalto Esqueleto das Ruinas,277,0,1455,4381,44,48,10,119,119,1029,0,0,600,37,200,356,45,0,0,0,0,0,243,2,1
666,Arqueiro Esqueleto das Ruinas,282,0,0,3943,315,48,10,119,119,1029,0,0,600,203,173,335,45,6186,0,0,0,0,219,2,1
667,Feiticeiro Esqueleto das Ruinas,277,0,1457,3933,44,49,10,119,119,1029,0,0,277,92,600,56,45,6203,6203,6203,6203,6203,218,2,1
668,Feiticeiro Negro Steichen,285,0,0,30833,44,49,10,119,119,1029,0,0,500,800,1000,500,45,7904,6192,4000,0,0,4500,4,1
691,Lilitu Nova,315,0,0,4682,65465,50,8,119,119,1024,0,0,1000,1000,650,700,45,0,0,0,0,0,260,6,1
692,Lilitu Nova Guerreiro,315,0,0,4856,30,51,9,119,119,1024,0,0,1000,1000,650,700,45,0,0,0,0,0,269,6,1
693,Flam das Chamas,290,0,1502,3933,97,50,7,119,119,1029,0,0,1000,1000,650,700,45,0,0,0,0,0,218,6,1
694,Toglo Canibal,316,0,0,4214,78,50,6,119,119,1027,0,0,800,800,650,700,45,0,0,0,0,0,234,6,1
695,Libelle Canibal,319,0,1502,4370,179,51,8,119,119,1027,0,0,800,800,650,700,45,0,0,0,0,0,242,6,1
696,Scher,336,0,1474,50000,44,51,7,119,119,1024,0,0,1000,1000,700,700,45,217,371,417,0,0,6500,4,0
697,Bartis,334,0,1473,50000,40,51,7,119,119,1024,0,0,1000,1000,700,700,45,140,124,186,0,0,6500,4,0
698,Ozoli,335,0,1502,50000,40,51,7,119,119,1024,0,0,1000,700,650,500,45,2044,2060,2075,0,0,6500,4,0
699,Guarda Ungor Mirza,336,0,1474,5030,44,52,8,119,119,1024,0,0,202,133,592,71,45,0,0,0,0,0,279,2,0
700,Combatente Ungor Mirza,334,0,1473,5030,135,52,8,119,119,1024,0,0,175,98,171,349,45,0,0,0,0,0,279,2,0
701,Batedor Ungor Mirza,335,0,1502,4527,65447,52,8,119,119,1024,0,0,82,54,61,428,45,0,0,0,0,0,251,2,0
702,Zigler,337,0,1473,50000,300,54,9,119,119,1024,0,0,1000,700,1000,1000,45,0,0,0,0,0,4500,4,0
705,Flam da Alma Azul,290,0,1502,5500,65492,52,7,119,119,1029,0,0,800,150,650,700,45,0,0,0,0,0,234,6,1
706,Soldado de Assalto Ulman,322,0,1469,21848,44,50,6,119,119,1024,0,0,148,164,204,231,45,0,0,0,0,0,1213,6,0
716,Buto Venenoso,347,0,0,6000,65383,53,7,119,119,1025,0,0,900,1000,500,700,45,0,0,0,0,0,289,6,1
717,Buto Sangrento,347,0,0,6000,0,54,8,119,119,1025,0,0,930,550,1000,700,45,0,0,0,0,0,300,6,1
718,Barculy do Pantano Negro,333,0,0,13040,44,53,8,119,119,1025,0,0,258,521,255,61,45,0,0,0,0,0,362,6,0
719,Nerine Sadua,268,0,0,5216,44,53,10,119,119,1025,0,0,800,900,550,700,45,0,0,0,0,0,144,6,1
720,Nerine da Selva Profunda,268,0,0,5414,44,54,10,119,119,1025,0,0,900,1000,550,700,45,0,0,0,0,0,300,6,1
721,Tarnuzi de Escamas Sangrentas,268,0,0,13040,0,53,11,119,119,1025,0,0,328,195,28,293,45,0,0,0,0,0,724,2,0
723,Gymenes Ilusorio,266,0,0,5414,44,54,12,119,119,1025,0,0,900,1000,550,700,45,0,0,0,0,0,300,6,1
724,Espectador do Ar,317,0,1504,5477,65402,53,7,119,119,1028,0,0,900,1000,650,700,45,0,0,0,0,0,304,6,1
725,Degermark,30,0,1181,35000,65510,51,7,119,119,1024,0,0,550,300,250,500,45,2044,2060,2121,2183,2305,3500,4,0
726,Gladiador Ungor Mirza,334,0,1473,6000,63,54,8,119,119,1024,0,0,850,850,650,700,45,0,0,0,0,0,300,6,1
727,Lanceiro Ungor Mirza,336,0,1474,6000,44,54,8,119,119,1024,0,0,850,850,650,700,45,0,0,0,0,0,300,6,1
728,Arqueiro Ungor Mirza,335,0,1502,6000,200,54,7,119,119,1024,0,0,800,850,650,700,45,0,0,0,0,0,270,6,1
729,Patrulheiro Chepa Sapina,327,0,1470,6000,180,55,7,119,119,1024,0,0,850,850,650,700,45,0,0,0,0,0,311,6,1
730,Vidente Chepa Sapina,327,0,1471,6000,44,55,6,119,119,1024,0,0,850,850,650,700,45,0,0,0,0,0,249,6,1
731,Lutador Chepa Sapina,327,0,1470,6000,170,55,7,119,119,1024,0,0,850,850,650,700,45,0,0,0,0,0,311,6,1
732,Hames da Protecao,341,0,0,6000,65383,54,7,119,119,1026,0,0,850,850,650,700,45,0,0,0,0,0,240,6,1
734,Soldado Veterano Ungor Mirza,334,0,1473,5613,65428,55,8,119,119,1024,0,0,57,310,393,484,45,0,0,0,0,0,311,2,0
735,Defensor Ungor Mirza,336,0,1474,5613,44,55,8,119,119,1024,0,0,146,290,535,263,45,0,0,0,0,0,311,2,0
736,Franco Atirador Ungor Mirza,335,0,1502,5052,65473,55,7,119,119,1024,0,0,240,39,501,368,45,0,0,0,0,0,280,2,0
737,Alquimista do Cla Trapaceiro,330,0,1472,5825,65447,56,7,119,119,1024,0,0,65,181,393,40,45,0,0,0,0,0,323,2,0
738,Flam do Sofrimento,290,0,1502,6116,0,56,7,119,119,1024,0,0,170,267,518,309,45,0,0,0,0,0,339,2,0
739,Guarda Real Ungor Mirza,337,0,1473,25888,153,56,9,119,119,1024,0,0,53,81,231,325,45,0,0,0,0,0,1438,2,1
744,Stanka,334,0,1473,5414,44,54,8,119,119,1024,0,0,184,446,306,175,45,0,0,0,0,0,300,2,1
746,Vesper Sangue Negro,340,0,1502,5825,26,56,7,119,119,63489,0,0,254,104,86,397,45,0,0,0,0,0,323,2,0
747,Vesper Cinzento,340,0,1502,5825,65402,56,7,119,119,63489,0,0,221,274,197,474,45,0,0,0,0,0,323,2,0
748,Buto Cinzento,333,0,0,6048,65402,57,8,119,119,63489,0,0,149,22,24,134,45,0,0,0,0,0,336,2,0
749,Buto Filhote,333,0,0,3495,65402,56,2,119,119,63489,0,0,237,345,585,254,45,0,0,0,0,0,194,2,0
751,Cubo Infernal,305,0,1502,7258,134,57,12,119,119,63495,0,0,206,152,452,273,45,0,0,0,0,0,403,2,0
753,Vesper Sangue Suga,340,0,1502,6048,65428,57,7,119,119,63745,0,0,194,303,21,234,45,0,0,0,0,0,336,2,0
754,Gladiador Shidlan Mirza,344,0,1473,6048,65473,57,8,119,119,1024,0,0,310,339,179,327,45,0,0,0,0,0,336,2,0
755,Lanceiro Shidlan Mirza,346,0,1474,6048,65402,57,8,119,119,1024,0,0,213,221,489,560,45,0,0,0,0,0,336,2,0
756,Patrulheiro Shidlan Mirza,345,0,1502,5443,44,57,8,119,119,1024,0,0,50,46,517,116,45,0,0,0,0,0,302,2,0
757,Akba Cruel,289,0,1459,6350,65473,57,9,119,119,63748,0,0,102,198,75,399,45,0,0,0,0,0,352,2,0
758,Akba do Abismo,289,0,1459,6586,89,58,9,119,119,63748,0,0,94,130,665,153,45,0,0,0,0,0,365,2,0
760,Guerreiro Lazapa,203,0,1441,6272,65420,58,8,119,119,1024,0,0,277,47,547,378,45,0,0,0,0,0,348,2,0
761,Soldado de Assalto Lazapa,203,0,1441,6495,65402,59,8,119,119,1024,0,0,31,20,41,606,45,0,0,0,0,0,360,2,0
762,Hames da Morte,342,0,0,5018,50,58,7,119,119,1538,0,0,187,28,56,504,45,0,0,0,0,0,278,2,0
763,Hames do Desespero,342,0,0,5018,90,58,7,119,119,1538,0,0,233,354,196,319,45,0,0,0,0,0,278,2,0
764,Soldado Veterano Shidlan Mirza,344,0,1473,28868,65375,59,8,119,119,1024,0,0,335,47,675,649,45,0,0,0,0,0,1603,2,0
765,Guarda Real Shidlan Mirza,346,0,1474,28868,65518,59,8,119,119,1024,0,0,309,240,286,699,45,0,0,0,0,0,1603,2,0
766,Denfensor Shidlan Mirza,345,0,1502,28868,26,59,8,119,119,1024,0,0,166,37,187,702,45,0,0,0,0,0,1603,2,0
1935,Guarda Combatente Basilan,232,0,1442,28406,150,80,7,119,119,0,0,0,358,135,57,623,45,0,0,0,0,0,1578,3,1
889,Guarda Combatente Sigmund,232,0,1442,20545,100,60,7,119,119,0,0,0,350,164,92,831,35,0,0,0,0,0,1141,3,1
890,Guarda Combatente Amarkand,232,0,1442,15015,65447,60,7,119,119,0,0,0,277,364,420,507,35,0,0,0,0,0,834,3,1
897,Guarda Combatente Verband,232,0,1442,36414,89,80,7,119,119,0,0,0,228,453,58,325,45,0,0,0,0,0,2023,3,1
908,Boris,334,0,1474,16238,44,57,8,119,119,1024,0,0,182,67,68,458,45,0,0,0,0,0,902,2,0
910,Diarc,344,0,1473,17793,44,59,8,119,119,1024,0,0,337,328,296,686,45,0,0,0,0,0,988,2,0
915,Guarda Combatente Mirza,232,0,1442,28406,134,60,7,119,119,0,0,0,386,394,303,730,45,0,0,0,0,0,1578,3,1
924,Guarda Defensora do Altar da Aika,232,0,1442,97853,108,80,7,119,119,0,0,0,168,537,205,599,45,0,0,0,0,0,5436,3,1
1205,Hames da Ascencao,341,0,0,33451,24,58,7,119,119,1026,0,0,232,314,195,275,45,0,0,0,0,0,1858,2,0
1206,Croshu Cinzento,348,0,1502,41814,65428,58,7,119,119,1281,0,0,347,207,542,76,45,0,0,0,0,0,2323,2,0
1207,Croshu Canino,348,0,1502,41814,44,58,7,119,119,1281,0,0,352,328,179,165,45,0,0,0,0,0,2323,2,0
1212,Gilar,287,0,0,20673,44,35,15,119,119,1024,0,0,500,500,500,500,45,0,0,0,0,0,2515,3,1
1236,Banzul Cabeca de Serra,416,0,0,5346,44,61,7,119,119,1026,0,0,260,29,710,175,45,0,0,0,0,0,297,3,0
1237,Bubba Martelo de Pedra,354,0,1476,6822,65408,60,7,119,119,1024,0,0,169,152,653,411,45,0,0,0,0,0,379,2,0
1238,Termes Steuer,291,0,0,8020,65510,61,7,119,119,1031,0,0,281,177,615,105,45,0,0,0,0,0,445,3,0
1239,Rainha Hames,343,0,0,7225,44,62,7,119,119,1024,0,0,292,363,175,431,45,0,0,0,0,0,401,3,0
1240,Ovis da Tempestade,292,0,1460,7225,44,62,7,119,119,1024,0,0,48,199,122,335,45,0,0,0,0,0,401,3,0
1241,Suba do Grito,417,0,0,7078,44,63,7,119,119,1025,0,0,181,44,356,132,45,0,0,0,0,0,393,3,0
1242,Tet das Chamas,426,0,1506,6111,63,64,7,119,119,1285,0,0,190,33,295,601,45,0,0,0,0,0,339,3,0
1243,Demonio Esqueleto,425,0,1486,7639,65447,64,7,119,119,1028,0,0,93,190,537,415,45,0,0,0,0,0,424,3,0
1244,Banzul Dentes Flamejantes,415,0,0,5986,90,65,7,119,119,1026,0,0,34,45,273,185,45,0,0,0,0,0,332,3,0
1245,Demonio Esqueleto Vermelho,421,0,1486,8087,65465,66,7,119,119,1028,0,0,20,352,354,456,45,0,0,0,0,0,449,3,0
1246,Tamuz,422,0,1502,55716,44,1347,7,119,119,1024,0,0,1518,2203,14818,9378,45,0,0,0,0,0,3095,0,0
1247,Penza Forte,423,0,1503,9242,0,66,7,119,119,1031,0,0,251,181,783,769,45,0,0,0,0,0,513,3,0
1248,Suba Contaminado,418,0,0,7921,63,67,7,119,119,1025,0,0,265,32,665,404,45,0,0,0,0,0,440,3,0
1249,Pyrai,424,0,1502,57317,65492,1348,7,119,119,1024,0,0,6136,8012,11134,6576,45,0,0,0,0,0,3184,0,0
1250,Penza Poderoso,423,0,1503,69444,0,1350,9,119,119,1031,0,0,1673,5040,15555,1450,45,0,0,0,0,0,3858,0,0
1251,Verit,313,0,0,60764,65492,1350,7,119,119,1024,0,0,2226,5892,10086,14860,45,0,0,0,0,0,3375,0,0
1253,Steuer Gigante,291,0,0,58290,165,1344,7,119,119,1031,0,0,5368,4233,9864,8774,45,0,0,0,0,0,3238,0,0
1254,Kihlstedt Traidor,413,0,1481,37770,270,1343,9,119,119,1024,0,0,7788,2355,4984,13172,45,0,0,0,0,0,2098,0,0
1255,Maunier Traidor,414,0,1482,47213,270,1343,7,119,119,1024,0,0,3219,6059,2019,11448,45,0,0,0,0,0,2622,0,0
1258,Barage,417,0,0,50020,65503,1345,7,119,119,1025,0,0,2910,5922,15980,2744,45,0,0,0,0,0,2778,0,0
1259,Agente Secreto Leao Branco,312,0,1465,51538,0,1346,9,119,119,1024,0,0,7499,4557,4384,1915,45,0,0,0,0,0,2863,0,0
1260,Studie,10,0,1043,53063,65402,1347,7,119,119,1024,0,0,7966,4630,7258,11020,45,0,0,0,0,0,2947,0,0
1261,Litlleton,31,0,1183,47758,0,1347,7,119,119,1024,0,0,7921,3278,16127,1333,45,0,0,0,0,0,2653,0,0
1262,Obermueller,50,0,1253,42450,0,1347,7,119,119,1024,0,0,7357,109,14731,15913,45,0,0,0,0,0,2358,0,0
1266,Tet Chamas Negras,426,0,1506,17318,65510,66,7,119,119,1285,0,0,167,281,428,734,45,0,0,0,0,0,962,3,0
1267,Siddiq,421,0,1486,55716,18,1347,7,119,119,1024,0,0,6739,1708,3773,10704,45,0,0,0,0,0,3095,0,0
1269,Santon,418,0,0,54588,44,1348,7,119,119,1025,0,0,5156,828,7165,2981,45,0,0,0,0,0,3032,0,0
1272,Super Penza,423,0,1503,111110,65510,1350,12,119,119,1031,0,0,2064,5603,13818,12963,45,7041,0,0,0,0,6172,0,0
1373,Planta Carnivora Mutante,355,0,1502,52432,140,1336,25,119,119,1026,0,0,340,1474,15104,2894,45,6730,0,0,0,0,8738,9,0
1374,Cao Mutante Croshu,348,0,1502,78400,65420,1338,12,119,119,1025,0,0,7606,134,10496,8387,45,0,0,0,0,0,13066,6,0
1375,Buto Mutante,333,0,0,88965,270,1341,12,119,119,1025,0,0,3497,7361,11283,8405,45,0,0,0,0,0,14827,5,0
1376,Croshu Mutante das Cinzas,349,0,1502,97150,44,1344,12,119,119,1025,0,0,1972,2183,12330,8216,45,0,0,0,0,0,16191,7,0
1377,Penza Poderosa Mutante,423,0,1503,138888,0,1350,12,119,119,1031,0,0,6608,7539,30,7875,45,7011,7041,0,0,0,23148,8,0
1378,Verit Mutante,313,0,0,121527,0,1350,9,119,119,1028,0,0,7771,1445,9641,205,45,0,0,0,0,0,20254,10,0
1923,Guarda Real Verband,232,0,1442,97853,130,80,7,119,119,1024,0,0,1000,339,3000,3000,45,0,0,0,0,0,5436,3,1
1925,Guarda Real Amarkand,232,0,1442,97853,63,80,7,119,119,1024,0,0,1000,379,3000,3000,45,0,0,0,0,0,5436,3,1
1926,Guarda Real Sigmund,232,0,1442,97853,50,80,7,119,119,1024,0,0,1000,19,3000,3000,45,0,0,0,0,0,5436,3,1
1927,Guarda Combatente Hekla,232,0,1442,97853,80,80,7,119,119,1024,0,0,1000,466,3000,3000,45,0,0,0,0,0,5436,3,1
1936,Mago Combatente MIG,413,0,1481,72016,90,80,7,119,119,0,0,0,33,804,189,792,45,0,0,0,0,0,4000,3,1
2001,Mina Invisivel,221,0,0,999999,0,4934,7,119,119,1031,0,0,17571,14439,50841,21001,45,0,0,0,0,0,111111,0,1
2253,Cadaver de Verme,455,0,0,43406,225,80,9,119,119,1025,0,0,380,122,248,320,45,0,0,0,0,0,2411,3,1
2254,Elter em Sofrimento,425,0,1485,41021,315,80,9,119,119,1285,0,0,15,296,118,932,45,0,0,0,0,0,2278,3,0
2255,Elter Revivido,425,0,1486,45576,65420,80,9,119,119,1285,0,0,344,82,559,98,45,0,0,0,0,0,2532,3,0
2256,Gerion Batedor,515,0,1508,46722,153,81,9,119,119,1024,0,0,207,206,545,788,45,0,0,0,0,0,2595,4,0
2257,Gerion Acougueiro,516,0,1508,46722,65510,81,9,119,119,1024,0,0,500,296,165,456,45,0,0,0,0,0,2595,4,0
2258,Grilhao Desacoplado,430,0,1509,45633,65375,82,10,119,119,1031,0,0,80,371,564,988,45,0,0,0,0,0,2535,4,0
2259,Etos do Fogo,520,0,1537,38331,65492,82,7,119,119,1024,0,0,74,121,94,780,45,0,0,0,0,0,2129,4,0
2260,Etos do Silencio,521,0,1538,47915,65492,82,8,119,119,1024,0,0,354,289,284,41,45,0,0,0,0,0,2661,4,0
2261,Chimera Fraco No 42,436,0,0,46811,65518,83,15,119,119,1025,0,0,497,402,35,173,45,0,0,0,0,0,2600,4,0
2262,Chimera Idiota No 55,449,0,1502,46811,134,83,10,119,119,1025,0,0,219,330,54,330,45,0,0,0,0,0,2600,4,0
2263,Chimera Bonitinho No 97,508,0,0,46811,65428,83,7,119,119,1025,0,0,67,407,350,304,45,0,0,0,0,0,2600,4,0
2265,Lorde Chimera,517,0,1024,40312,90,84,30,119,119,1285,0,0,250,997,195,915,45,4305,0,0,0,0,2239,4,0
2266,Executor da Perdicao,517,0,1024,40312,90,84,10,119,119,1285,0,0,139,190,204,937,45,0,0,0,0,0,2239,4,0
2267,Coletor de ossos,306,0,1503,49207,18,85,15,119,119,1031,0,0,258,197,254,50,45,0,0,0,0,0,2733,4,0
2268,Lixo Enferrujado,442,0,0,41336,0,85,9,119,119,1285,0,0,219,34,63,451,45,0,0,0,0,0,2296,4,0
2269,Lixo de Metal,238,0,0,50471,65402,86,15,119,119,1286,0,0,356,231,970,904,45,0,0,0,0,0,2803,4,0
2270,Lixo Toxico,270,0,0,50471,65465,86,15,119,119,1286,0,0,61,529,855,232,45,0,0,0,0,0,2803,4,0
2271,Lixeiro Tumd,529,0,0,50471,116,86,7,119,119,1286,0,0,452,40,939,618,45,0,0,0,0,0,2803,4,0
2272,Cavaleiro da Alma Roubada,414,0,1482,51772,135,87,7,119,119,1024,0,0,309,336,185,999,45,0,0,0,0,0,2876,4,0
2273,Mago da Alma Roubada,413,0,1481,41418,0,87,7,119,119,1024,0,0,172,347,993,856,45,0,0,0,0,0,2301,4,0
2274,Cacador de Almas,424,0,1502,55727,65518,88,9,119,119,1024,0,0,329,44,496,899,45,0,0,0,0,0,3095,4,0
2275,Coletor de Almas,432,0,1487,55727,65473,88,9,119,119,1285,0,0,141,307,409,532,45,0,0,0,0,0,3095,4,0
2276,Predador de Almas,323,0,1503,55727,315,88,12,119,119,1024,0,0,497,342,454,974,45,0,0,0,0,0,3095,4,0
2277,Moira O Lorde das Almas,526,0,1502,87571,315,88,7,119,119,1286,0,0,342,350,456,654,45,0,0,0,0,0,4865,4,0
2509,Gerion Batedor Mutante,515,0,1508,74756,0,81,12,119,119,1024,0,0,234,319,164,18,45,0,0,0,0,0,12459,4,0
2510,Gerion Acougueiro Mutante,516,0,1508,74756,65402,81,12,119,119,1024,0,0,88,156,641,41,45,0,0,0,0,0,12459,4,0
2511,Etos do Fogo Mutante,520,0,1537,61330,134,82,12,119,119,1024,0,0,164,281,350,82,45,0,0,0,0,0,10221,4,0
2512,Etos do Silencio Mutante,521,0,1538,76664,179,82,12,119,119,1024,0,0,142,465,748,535,45,0,0,0,0,0,12777,4,0
2513,Rei Chimera Mutante,517,0,1024,64500,120,84,12,119,119,1285,0,0,90,327,149,782,45,0,0,0,0,0,10750,4,0
2514,Predadora da Alma Mutante,323,0,1503,89164,150,88,12,119,119,1024,0,0,83,382,556,746,45,0,0,0,0,0,14860,4,0
2523,Elter da Lavagem Cerebral,305,0,1502,52926,180,91,15,119,119,1024,0,0,531,184,516,1045,45,0,0,0,0,0,2940,4,0
2524,Guerreiro da Mente Manipulada,10,151,1041,57274,51,90,7,119,119,1024,0,0,376,247,1010,973,45,0,0,0,0,0,3181,4,0
2525,Templario da Mente Manipulada,20,151,1006,57274,89,90,7,119,119,1024,0,0,41,339,860,277,45,0,0,0,0,0,3181,4,0
2526,Atirador da Mente Manipulada,30,151,1181,51546,179,90,7,119,119,1024,0,0,528,413,120,709,45,0,0,0,0,0,2863,4,0
2527,Pistoleira da Mente Manipulada,40,151,1146,51546,100,90,7,119,119,1024,0,0,197,195,748,480,45,0,0,0,0,0,2863,4,0
2528,Feiticeiro Negro da Mente Manipulada,50,151,1251,45821,44,90,7,119,119,1024,0,0,230,203,461,793,45,0,0,0,0,0,2545,4,0
2529,Clerigo da Mente Manipulada,60,151,1216,45821,44,90,7,119,119,1024,0,0,329,95,33,819,45,0,0,0,0,0,2545,4,0
2595,Guarda da Terra da Lamentacao,413,0,1481,133846,175,80,7,119,119,0,0,0,41,417,948,564,45,0,0,0,0,0,7435,3,0
2600,Aron,30,151,12190,200000,90,1373,7,119,119,1024,0,0,6050,7786,2382,1993,45,0,0,0,0,0,11111,0,0
2601,Gladiador da Mente Manipulada,10,151,1042,60381,134,92,7,119,119,1024,0,0,147,339,641,510,45,0,0,0,0,0,3354,4,0
2602,Paladino da Mente Manipulada,20,151,1007,69433,108,92,7,119,119,1024,0,0,228,271,843,87,45,0,0,0,0,0,3857,4,0
2603,Dinamitador da Mente Manipulada,30,151,1182,54343,65492,92,7,119,119,1024,0,0,475,93,655,312,45,0,0,0,0,0,3019,4,0
2604,Desperado da Mente Manipulada,40,151,1147,54343,134,92,7,119,119,1024,0,0,241,296,64,415,45,0,0,0,0,0,3019,4,0
2605,Feiticeiro Caotico da Mente Manipulada,50,151,1252,48306,44,92,7,119,119,1024,0,0,186,485,25,112,45,0,0,0,0,0,2683,4,0
2606,Santo da Mente Manipulada,60,151,1217,48306,44,92,7,119,119,1024,0,0,510,145,439,540,45,0,0,0,0,0,2683,4,0
2351,Fetak Venenoso Modificado,420,0,1486,4000000,0,99,30,119,119,1024,0,0,5000,3500,5500,4000,7200,8216,8220,8216,8220,8216,50000,5,0
2342,Aranha Negra do Subsolo,433,0,0,4000000,0,99,30,119,119,1024,0,0,5000,3500,5500,4000,7200,8216,8220,8216,8220,8216,50000,5,0
1260,Studie Malefico,237,0,0,4000000,0,99,60,119,119,1024,0,0,5000,3500,4500,4000,7200,8216,8220,8216,8220,8216,50000,5,0
2999,Cubo Manipulado,305,0,1502,8926,180,20,20,119,119,1287,0,0,80,120,80,90,45,0,0,0,0,0,2940,11,0
2418,Boneco de Neve,530,0,1502,1,0,99,30,119,119,0,0,0,5000,3500,5500,4000,14400,0,0,0,0,0,0,4,0
316,Marquis,285,0,0,100000,0,49,20,119,119,0,0,0,500,1000,1000,500,240,6202,6200,6535,6201,0,12000,4,0
330,Gressil,281,0,0,100000,0,49,22,119,119,0,0,0,500,1200,1000,500,240,6258,6259,6257,6260,6258,12000,4,0
2511,World Boss,520,0,1537,13000000,134,99,30,119,119,1284,0,0,7500,35000,7500,35000,10,0,0,0,0,0,20443,7,0
2265,Boss Lorde Chimera,517,0,1536,4000000,90,99,30,119,119,1029,0,0,1000,0,2500,3200,14400,4305,4385,4337,4259,4097,15000,11,0
1208,Mob Teste,359,0,1478,1,45,4,10,119,119,1025,0,0,1,1,1,1,0,0,0,0,0,0,14,0,1
1208,Seridun,359,0,1478,600000,0,65,7,119,119,0,0,0,10000,10000,3500,3500,0,8666,8639,8640,8620,8628,5000,0,1

