1000, 5100, 5
1000, 4630, 13
1000, 4780, 5
1000, 4783, 2
1001, 5100, 8
1001, 4633, 7
1001, 4780, 5
1001, 4783, 4
1002, 5101, 4
1002, 4634, 9
1002, 4630, 9
1002, 4781, 3
1002, 4783, 8
1002, 5103, 1
1003, 5101, 10
1003, 4636, 17
1003, 4784, 21
1003, 4787, 8
1003, 5103, 5
1004, 5101, 20
1004, 4637, 17
1004, 4785, 10
1004, 4787, 10
1004, 5104, 1
1005, 5102, 4
1005, 4639, 26
1005, 4637, 4
1005, 4788, 26
1005, 4791, 8
1005, 5104, 5
1006, 5102, 7
1006, 4640, 17
1006, 4637, 13
1006, 4789, 13
1006, 4791, 10
1006, 5105, 2
1007, 5102, 34
1007, 4643, 26
1007, 4640, 43
1007, 4793, 16
1007, 4795, 93
1007, 5106, 3
1008, 5102, 51
1008, 4644, 86
1008, 4643, 26
1008, 4794, 11
1008, 4795, 138
1008, 5107, 5
1009, 5102, 72
1009, 4645, 38
1009, 4644, 82
1009, 4796, 50
1009, 4799, 68
1009, 5108, 9
1010, 5102, 99
1010, 4652, 3
1010, 4646, 24
1010, 4798, 6
1010, 4801, 2
1010, 4803, 15
1010, 11314, 209
1035, 5100, 5
1035, 4630, 15
1035, 4780, 6
1035, 4783, 2
1036, 5100, 8
1036, 4633, 8
1036, 4780, 6
1036, 4783, 4
1037, 5101, 4
1037, 4634, 10
1037, 4630, 10
1037, 4781, 4
1037, 4783, 8
1037, 5103, 1
1038, 5101, 10
1038, 4636, 20
1038, 4784, 25
1038, 4787, 8
1038, 5103, 5
1039, 5101, 20
1039, 4637, 20
1039, 4785, 12
1039, 4787, 10
1039, 5104, 1
1040, 5102, 4
1040, 4639, 30
1040, 4637, 5
1040, 4788, 30
1040, 4791, 8
1040, 5104, 5
1041, 5102, 7
1041, 4640, 20
1041, 4637, 15
1041, 4789, 15
1041, 4791, 10
1041, 5105, 2
1042, 5102, 34
1042, 4643, 31
1042, 4640, 51
1042, 4793, 19
1042, 4795, 110
1042, 5106, 3
1043, 5102, 51
1043, 4644, 101
1043, 4643, 30
1043, 4794, 13
1043, 4795, 162
1043, 5107, 5
1044, 5102, 72
1044, 4645, 44
1044, 4644, 96
1044, 4796, 59
1044, 4799, 79
1044, 5108, 9
1045, 5102, 99
1045, 4652, 3
1045, 4646, 28
1045, 4798, 7
1045, 4801, 3
1045, 4803, 17
1045, 11314, 231
1140, 5100, 5
1140, 4630, 4
1140, 4780, 12
1140, 4783, 4
1141, 5100, 8
1141, 4633, 2
1141, 4781, 5
1141, 4783, 8
1142, 5101, 4
1142, 4634, 3
1142, 4782, 6
1142, 4783, 16
1142, 5103, 1
1143, 5101, 10
1143, 4635, 10
1143, 4785, 18
1143, 4787, 16
1143, 5103, 5
1144, 5101, 20
1144, 4636, 10
1144, 4786, 14
1144, 4787, 20
1144, 5104, 1
1145, 5102, 4
1145, 4638, 12
1145, 4636, 6
1145, 4789, 26
1145, 4791, 16
1145, 5104, 5
1146, 5102, 7
1146, 4639, 9
1146, 4637, 2
1146, 4790, 19
1146, 4791, 20
1146, 5105, 3
1147, 5102, 34
1147, 4643, 6
1147, 4640, 10
1147, 4793, 13
1147, 4795, 10
1147, 5106, 3
1148, 5102, 51
1148, 4644, 19
1148, 4643, 6
1148, 4796, 95
1148, 4799, 127
1148, 5107, 5
1149, 5102, 72
1149, 4645, 8
1149, 4644, 18
1149, 4797, 31
1149, 4799, 180
1149, 5108, 9
1150, 5102, 99
1150, 4652, 1
1150, 4646, 6
1150, 4798, 16
1150, 4801, 6
1150, 4803, 39
1150, 11314, 186
1175, 5100, 5
1175, 4630, 6
1175, 4780, 10
1175, 4783, 4
1176, 5100, 8
1176, 4633, 3
1176, 4781, 4
1176, 4783, 8
1177, 5101, 4
1177, 4634, 5
1177, 4782, 5
1177, 4783, 16
1177, 5103, 1
1178, 5101, 10
1178, 4635, 16
1178, 4785, 15
1178, 4787, 16
1178, 5103, 5
1179, 5101, 20
1179, 4636, 17
1179, 4786, 12
1179, 4787, 20
1179, 5104, 1
1180, 5102, 4
1180, 4638, 20
1180, 4636, 10
1180, 4789, 22
1180, 4791, 16
1180, 5104, 5
1181, 5102, 7
1181, 4639, 15
1181, 4637, 4
1181, 4790, 16
1181, 4791, 20
1181, 5105, 3
1182, 5102, 34
1182, 4643, 10
1182, 4640, 17
1182, 4793, 18
1182, 4795, 9
1182, 5106, 3
1183, 5102, 51
1183, 4644, 34
1183, 4643, 10
1183, 4796, 85
1183, 4799, 113
1183, 5107, 5
1184, 5102, 72
1184, 4645, 15
1184, 4644, 32
1184, 4797, 28
1184, 4799, 161
1184, 5108, 9
1185, 5102, 99
1185, 4652, 1
1185, 4646, 11
1185, 4798, 15
1185, 4801, 5
1185, 4803, 35
1185, 11314, 201
1210, 5100, 5
1210, 4630, 5
1210, 4780, 2
1210, 4930, 8
1210, 4783, 2
1211, 5100, 8
1211, 4633, 3
1211, 4780, 3
1211, 4931, 3
1211, 4783, 4
1212, 5101, 4
1212, 4634, 3
1212, 4781, 2
1212, 4932, 4
1212, 4783, 8
1212, 5103, 1
1213, 5101, 10
1213, 4635, 22
1213, 4784, 8
1213, 4935, 10
1213, 4787, 8
1213, 5103, 5
1214, 5101, 20
1214, 4636, 16
1214, 4785, 6
1214, 4936, 9
1214, 4787, 10
1214, 5104, 1
1215, 5102, 4
1215, 4638, 20
1215, 4636, 14
1215, 4788, 16
1215, 4939, 16
1215, 4791, 8
1215, 5104, 5
1216, 5102, 7
1216, 4639, 10
1216, 4637, 10
1216, 4789, 7
1216, 4940, 11
1216, 4791, 10
1216, 5105, 3
1217, 5102, 34
1217, 4643, 11
1217, 4640, 18
1217, 4793, 10
1217, 4944, 23
1217, 4795, 57
1217, 5106, 3
1218, 5102, 51
1218, 4644, 35
1218, 4643, 10
1218, 4794, 7
1218, 4793, 10
1218, 4946, 111
1218, 5107, 5
1219, 5102, 72
1219, 4645, 16
1219, 4644, 34
1219, 4796, 31
1219, 4799, 42
1219, 4947, 36
1219, 5108, 9
1220, 5102, 99
1220, 4652, 1
1220, 4646, 11
1220, 4798, 6
1220, 4803, 9
1220, 4952, 13
1220, 11314, 182
1245, 5100, 5
1245, 4630, 6
1245, 4780, 5
1245, 4930, 6
1245, 4783, 2
1246, 5100, 8
1246, 4633, 3
1246, 4780, 8
1246, 4931, 2
1246, 4783, 4
1247, 5101, 4
1247, 4634, 4
1247, 4781, 5
1247, 4932, 3
1247, 4783, 8
1247, 5103, 1
1248, 5101, 10
1248, 4635, 26
1248, 4784, 20
1248, 4935, 8
1248, 4787, 8
1248, 5103, 5
1249, 5101, 20
1249, 4636, 19
1249, 4785, 14
1249, 4936, 7
1249, 4787, 10
1249, 5104, 1
1250, 5102, 4
1250, 4638, 23
1250, 4636, 16
1250, 4788, 40
1250, 4939, 13
1250, 4791, 8
1250, 5104, 5
1251, 5102, 7
1251, 4639, 12
1251, 4637, 12
1251, 4789, 17
1251, 4940, 9
1251, 4791, 10
1251, 5105, 3
1252, 5102, 34
1252, 4643, 13
1252, 4640, 21
1252, 4793, 24
1252, 4944, 18
1252, 4795, 127
1252, 5106, 3
1253, 5102, 51
1253, 4644, 43
1253, 4643, 13
1253, 4794, 16
1253, 4793, 24
1253, 4946, 89
1253, 5107, 5
1254, 5102, 72
1254, 4645, 19
1254, 4644, 40
1254, 4796, 75
1254, 4799, 100
1254, 4947, 29
1254, 5108, 9
1255, 5102, 99
1255, 4652, 2
1255, 4646, 14
1255, 4798, 15
1255, 4803, 22
1255, 4952, 11
1255, 11314, 206
1280, 5100, 3
1280, 4630, 5
1280, 4780, 3
1281, 5100, 5
1281, 4633, 2
1281, 4780, 5
1282, 5101, 3
1282, 4634, 3
1282, 4781, 2
1282, 5080, 2
1283, 5101, 4
1283, 4636, 6
1283, 4784, 11
1283, 5080, 4
1284, 5101, 7
1284, 4637, 5
1284, 4785, 5
1284, 5083, 2
1285, 5102, 2
1285, 4639, 4
1285, 4637, 5
1285, 4788, 16
1285, 5083, 4
1286, 5102, 3
1286, 4640, 3
1286, 4637, 8
1286, 4789, 6
1286, 5086, 2
1287, 5102, 5
1287, 4643, 3
1287, 4640, 8
1287, 4793, 5
1287, 4795, 5
1287, 5106, 1
1288, 5102, 6
1288, 4644, 8
1288, 4643, 2
1288, 4794, 2
1288, 4795, 20
1288, 5107, 2
1289, 5102, 11
1289, 4645, 5
1289, 4644, 10
1289, 4796, 10
1289, 4799, 12
1289, 5086, 3
1289, 5108, 3
1290, 5102, 17
1290, 4651, 1
1290, 4646, 3
1290, 4798, 2
1290, 4803, 7
1290, 5086, 5
1290, 11314, 60
1660, 5100, 2
1660, 4630, 5
1660, 4780, 1
1660, 4933, 1
1661, 5100, 3
1661, 4633, 2
1661, 4780, 2
1661, 4933, 2
1662, 5101, 1
1662, 4634, 3
1662, 4781, 1
1662, 4933, 3
1662, 5080, 1
1663, 5101, 3
1663, 4636, 7
1663, 4784, 4
1663, 4937, 3
1663, 5080, 2
1664, 5101, 5
1664, 4637, 6
1664, 4785, 2
1664, 4937, 4
1664, 5083, 1
1665, 5102, 2
1665, 4639, 8
1665, 4637, 2
1665, 4788, 6
1665, 4941, 3
1665, 5083, 2
1666, 5102, 3
1666, 4640, 5
1666, 4637, 4
1666, 4789, 3
1666, 4941, 4
1666, 5086, 1
1667, 5102, 6
1667, 4643, 5
1667, 4640, 8
1667, 4793, 5
1667, 4944, 3
1667, 5086, 4
1667, 5106, 1
1668, 5102, 13
1668, 4644, 25
1668, 4643, 8
1668, 4794, 3
1668, 4795, 41
1668, 5086, 12
1668, 5107, 6
1669, 5102, 19
1669, 4645, 11
1669, 4644, 25
1669, 4796, 16
1669, 4799, 21
1669, 5086, 18
1669, 5108, 9
1670, 5102, 28
1670, 4651, 1
1670, 4646, 8
1670, 4798, 3
1670, 4803, 12
1670, 5086, 27
1670, 11314, 100
1690, 5100, 4
1690, 4630, 12
1690, 4780, 3
1690, 4933, 2
1691, 5100, 6
1691, 4633, 6
1691, 4780, 6
1691, 4933, 4
1692, 5101, 3
1692, 4634, 8
1692, 4781, 2
1692, 4933, 8
1692, 5080, 2
1693, 5101, 7
1693, 4636, 17
1693, 4784, 10
1693, 4937, 8
1693, 5080, 4
1694, 5101, 12
1694, 4637, 14
1694, 4785, 5
1694, 4937, 10
1694, 5083, 2
1695, 5102, 3
1695, 4639, 20
1695, 4637, 4
1695, 4788, 16
1695, 4941, 8
1695, 5083, 4
1696, 5102, 5
1696, 4640, 13
1696, 4637, 9
1696, 4789, 8
1696, 4941, 10
1696, 5086, 2
1697, 5102, 13
1697, 4643, 12
1697, 4640, 20
1697, 4793, 12
1697, 4944, 8
1697, 5086, 10
1697, 5106, 2
1698, 5102, 20
1698, 4644, 41
1698, 4643, 12
1698, 4794, 5
1698, 4795, 65
1698, 5086, 30
1698, 5107, 9
1699, 5102, 30
1699, 4645, 19
1699, 4644, 40
1699, 4796, 25
1699, 4799, 33
1699, 5086, 45
1699, 5108, 14
1700, 5102, 45
1700, 4651, 2
1700, 4646, 12
1700, 4798, 4
1700, 4803, 19
1700, 5086, 68
1700, 11314, 150
1720, 5100, 1
1720, 4630, 4
1720, 4780, 1
1720, 4933, 1
1721, 5100, 2
1721, 4633, 2
1721, 4780, 2
1721, 4933, 1
1722, 5100, 5
1722, 4634, 2
1722, 4781, 1
1722, 4933, 2
1722, 5080, 1
1723, 5101, 2
1723, 4636, 5
1723, 4784, 3
1723, 4937, 2
1723, 5080, 1
1724, 5101, 4
1724, 4637, 4
1724, 4785, 2
1724, 4937, 3
1724, 5083, 1
1725, 5101, 6
1725, 4639, 6
1725, 4637, 1
1725, 4788, 5
1725, 4941, 2
1725, 5083, 1
1726, 5102, 2
1726, 4640, 4
1726, 4637, 3
1726, 4789, 2
1726, 4941, 3
1726, 5086, 1
1727, 5102, 4
1727, 4643, 4
1727, 4640, 6
1727, 4793, 4
1727, 4944, 2
1727, 5086, 2
1727, 5106, 1
1728, 5102, 8
1728, 4644, 15
1728, 4643, 4
1728, 4794, 2
1728, 4795, 24
1728, 5086, 6
1728, 5107, 3
1729, 5102, 11
1729, 4645, 7
1729, 4644, 15
1729, 4796, 10
1729, 4799, 12
1729, 5086, 9
1729, 5108, 5
1730, 5102, 17
1730, 4651, 1
1730, 4646, 5
1730, 4798, 2
1730, 4803, 7
1730, 5086, 14
1730, 11314, 68
1750, 5100, 1
1750, 4630, 4
1750, 4780, 1
1750, 4933, 1
1751, 5100, 2
1751, 4633, 2
1751, 4780, 2
1751, 4933, 1
1752, 5100, 5
1752, 4634, 2
1752, 4781, 1
1752, 4933, 2
1752, 5080, 1
1753, 5101, 2
1753, 4636, 5
1753, 4784, 3
1753, 4937, 2
1753, 5080, 1
1754, 5101, 4
1754, 4637, 4
1754, 4785, 2
1754, 4937, 3
1754, 5083, 1
1755, 5101, 6
1755, 4639, 6
1755, 4637, 1
1755, 4788, 5
1755, 4941, 2
1755, 5083, 1
1756, 5102, 2
1756, 4640, 4
1756, 4637, 3
1756, 4789, 2
1756, 4941, 3
1756, 5086, 1
1757, 5102, 4
1757, 4643, 4
1757, 4640, 6
1757, 4793, 4
1757, 4944, 2
1757, 5086, 2
1757, 5106, 1
1758, 5102, 8
1758, 4644, 15
1758, 4643, 4
1758, 4794, 2
1758, 4795, 24
1758, 5086, 6
1758, 5107, 3
1759, 5102, 11
1759, 4645, 7
1759, 4644, 15
1759, 4796, 10
1759, 4799, 12
1759, 5086, 9
1759, 5108, 5
1760, 5102, 17
1760, 4651, 1
1760, 4646, 5
1760, 4798, 2
1760, 4803, 7
1760, 5086, 14
1760, 11314, 68
1780, 5100, 2
1780, 4630, 4
1780, 4780, 1
1780, 4933, 1
1781, 5100, 3
1781, 4633, 2
1781, 4780, 2
1781, 4933, 2
1782, 5101, 1
1782, 4634, 3
1782, 4781, 1
1782, 4933, 3
1782, 5080, 1
1783, 5101, 3
1783, 4636, 6
1783, 4784, 3
1783, 4937, 3
1783, 5080, 2
1784, 5101, 5
1784, 4637, 5
1784, 4785, 2
1784, 4937, 4
1784, 5083, 1
1785, 5102, 2
1785, 4639, 7
1785, 4637, 2
1785, 4788, 5
1785, 4941, 3
1785, 5083, 2
1786, 5102, 3
1786, 4640, 5
1786, 4637, 4
1786, 4789, 3
1786, 4941, 4
1786, 5086, 1
1787, 5102, 6
1787, 4643, 5
1787, 4640, 7
1787, 4793, 4
1787, 4944, 3
1787, 5086, 4
1787, 5106, 1
1788, 5102, 13
1788, 4644, 25
1788, 4643, 8
1788, 4794, 3
1788, 4795, 41
1788, 5086, 12
1788, 5107, 6
1789, 5102, 19
1789, 4645, 11
1789, 4644, 25
1789, 4796, 16
1789, 4799, 21
1789, 5086, 18
1789, 5108, 9
1790, 5102, 28
1790, 4651, 1
1790, 4646, 8
1790, 4798, 3
1790, 4803, 12
1790, 5086, 27
1790, 11314, 98
1810, 5100, 4
1810, 4630, 11
1810, 4780, 3
1810, 4933, 2
1811, 5100, 6
1811, 4633, 5
1811, 4780, 5
1811, 4933, 4
1812, 5101, 3
1812, 4634, 7
1812, 4781, 2
1812, 4933, 8
1812, 5080, 2
1813, 5101, 7
1813, 4636, 15
1813, 4784, 9
1813, 4937, 8
1813, 5080, 4
1814, 5101, 12
1814, 4637, 13
1814, 4785, 5
1814, 4937, 10
1814, 5083, 2
1815, 5102, 3
1815, 4639, 18
1815, 4637, 4
1815, 4788, 14
1815, 4941, 8
1815, 5083, 4
1816, 5102, 5
1816, 4640, 12
1816, 4637, 8
1816, 4789, 7
1816, 4941, 10
1816, 5086, 2
1817, 5102, 13
1817, 4643, 12
1817, 4640, 19
1817, 4793, 12
1817, 4944, 7
1817, 5086, 10
1817, 5106, 2
1818, 5102, 20
1818, 4644, 41
1818, 4643, 12
1818, 4794, 5
1818, 4795, 65
1818, 5086, 30
1818, 5107, 9
1819, 5102, 30
1819, 4645, 19
1819, 4644, 40
1819, 4796, 25
1819, 4799, 33
1819, 5086, 45
1819, 5108, 14
1820, 5102, 45
1820, 4651, 2
1820, 4646, 12
1820, 4798, 4
1820, 4803, 19
1820, 5086, 68
1820, 11314, 148
1840, 5100, 1
1840, 4630, 4
1840, 4780, 1
1840, 4933, 1
1841, 5100, 2
1841, 4633, 2
1841, 4780, 2
1841, 4933, 1
1842, 5100, 5
1842, 4634, 2
1842, 4781, 1
1842, 4933, 2
1842, 5080, 1
1843, 5101, 2
1843, 4636, 5
1843, 4784, 3
1843, 4937, 2
1843, 5080, 1
1844, 5101, 4
1844, 4637, 4
1844, 4785, 2
1844, 4937, 3
1844, 5083, 1
1845, 5101, 6
1845, 4639, 6
1845, 4637, 1
1845, 4788, 5
1845, 4941, 2
1845, 5083, 1
1846, 5102, 2
1846, 4640, 4
1846, 4637, 3
1846, 4789, 2
1846, 4941, 3
1846, 5086, 1
1847, 5102, 4
1847, 4643, 4
1847, 4640, 6
1847, 4793, 4
1847, 4944, 2
1847, 5086, 2
1847, 5106, 1
1848, 5102, 10
1848, 4644, 20
1848, 4643, 6
1848, 4794, 2
1848, 4795, 32
1848, 5086, 6
1848, 5107, 3
1849, 5102, 15
1849, 4645, 9
1849, 4644, 20
1849, 4796, 13
1849, 4799, 16
1849, 5086, 9
1849, 5108, 5
1850, 5102, 17
1850, 4651, 1
1850, 4646, 5
1850, 4798, 2
1850, 4803, 7
1850, 5086, 14
1850, 11314, 66
1870, 5100, 1
1870, 4630, 4
1870, 4780, 1
1870, 4933, 1
1871, 5100, 2
1871, 4633, 2
1871, 4780, 2
1871, 4933, 1
1872, 5100, 5
1872, 4634, 2
1872, 4781, 1
1872, 4933, 2
1872, 5080, 1
1873, 5101, 2
1873, 4636, 5
1873, 4784, 3
1873, 4937, 2
1873, 5080, 1
1874, 5101, 4
1874, 4637, 4
1874, 4785, 2
1874, 4937, 3
1874, 5083, 1
1875, 5101, 6
1875, 4639, 6
1875, 4637, 1
1875, 4788, 5
1875, 4941, 2
1875, 5083, 1
1876, 5102, 2
1876, 4640, 4
1876, 4637, 3
1876, 4789, 2
1876, 4941, 3
1876, 5086, 1
1877, 5102, 4
1877, 4643, 4
1877, 4640, 6
1877, 4793, 4
1877, 4944, 2
1877, 5086, 2
1877, 5106, 1
1878, 5102, 10
1878, 4644, 20
1878, 4643, 6
1878, 4794, 2
1878, 4795, 32
1878, 5086, 6
1878, 5107, 3
1879, 5102, 15
1879, 4645, 9
1879, 4644, 20
1879, 4796, 13
1879, 4799, 16
1879, 5086, 9
1879, 5108, 5
1880, 5102, 17
1880, 4651, 1
1880, 4646, 5
1880, 4798, 2
1880, 4803, 7
1880, 5086, 14
1880, 11314, 66
1900, 5100, 2
1900, 4630, 2
1900, 4780, 3
1900, 4930, 1
1900, 4933, 1
1901, 5100, 3
1901, 4633, 1
1901, 4781, 1
1901, 4930, 1
1901, 4933, 2
1902, 5101, 1
1902, 4634, 1
1902, 4782, 1
1902, 4931, 1
1902, 4933, 3
1902, 5082, 1
1903, 5101, 3
1903, 4635, 6
1903, 4785, 3
1903, 4934, 6
1903, 4937, 3
1903, 5082, 2
1904, 5101, 5
1904, 4636, 3
1904, 4786, 3
1904, 4935, 2
1904, 4937, 4
1904, 5085, 1
1905, 5102, 2
1905, 4638, 4
1905, 4637, 3
1905, 4789, 5
1905, 4938, 9
1905, 4941, 3
1905, 5085, 2
1906, 5102, 3
1906, 4639, 2
1906, 4637, 2
1906, 4790, 3
1906, 4939, 4
1906, 4941, 4
1906, 5088, 1
1907, 5102, 5
1907, 4643, 2
1907, 4640, 2
1907, 4794, 4
1907, 4945, 14
1907, 4944, 2
1907, 5088, 4
1907, 5106, 1
1908, 5102, 11
1908, 4644, 7
1908, 4643, 2
1908, 4796, 30
1908, 4946, 9
1908, 4949, 12
1908, 5088, 12
1908, 5107, 6
1909, 5102, 16
1909, 4645, 3
1909, 4644, 7
1909, 4797, 10
1909, 4947, 3
1909, 4949, 18
1909, 5088, 18
1909, 5108, 9
1910, 5102, 24
1910, 4651, 1
1910, 4646, 2
1910, 4798, 5
1910, 4803, 12
1910, 4948, 3
1910, 4954, 6
1910, 5088, 27
1910, 11314, 81
1930, 5100, 4
1930, 4630, 4
1930, 4780, 7
1930, 4930, 3
1930, 4933, 2
1931, 5100, 6
1931, 4633, 2
1931, 4781, 3
1931, 4930, 3
1931, 4933, 4
1932, 5101, 3
1932, 4634, 3
1932, 4782, 3
1932, 4931, 3
1932, 4933, 8
1932, 5082, 2
1933, 5101, 7
1933, 4635, 14
1933, 4785, 8
1933, 4934, 14
1933, 4937, 8
1933, 5082, 4
1934, 5101, 12
1934, 4636, 8
1934, 4786, 7
1934, 4935, 6
1934, 4937, 10
1934, 5085, 2
1935, 5102, 3
1935, 4638, 11
1935, 4637, 8
1935, 4789, 12
1935, 4938, 22
1935, 4941, 8
1935, 5085, 4
1936, 5102, 5
1936, 4639, 5
1936, 4637, 5
1936, 4790, 8
1936, 4939, 9
1936, 4941, 10
1936, 5088, 2
1937, 5102, 11
1937, 4643, 3
1937, 4640, 6
1937, 4794, 10
1937, 4945, 36
1937, 4944, 3
1937, 5088, 10
1937, 5106, 2
1938, 5102, 17
1938, 4644, 11
1938, 4643, 4
1938, 4796, 48
1938, 4946, 14
1938, 4949, 19
1938, 5088, 30
1938, 5107, 9
1939, 5102, 25
1939, 4645, 5
1939, 4644, 11
1939, 4797, 16
1939, 4947, 5
1939, 4949, 28
1939, 5088, 45
1939, 5108, 14
1940, 5102, 38
1940, 4651, 1
1940, 4646, 4
1940, 4798, 8
1940, 4803, 20
1940, 4948, 4
1940, 4954, 10
1940, 5088, 68
1940, 11314, 120
1960, 5100, 1
1960, 4630, 1
1960, 4780, 2
1960, 4930, 1
1960, 4933, 1
1961, 5100, 2
1961, 4633, 1
1961, 4781, 1
1961, 4930, 1
1961, 4933, 1
1962, 5100, 5
1962, 4634, 1
1962, 4782, 1
1962, 4931, 1
1962, 4933, 2
1962, 5082, 1
1963, 5101, 2
1963, 4635, 4
1963, 4785, 2
1963, 4934, 4
1963, 4937, 2
1963, 5082, 1
1964, 5101, 4
1964, 4636, 2
1964, 4786, 2
1964, 4935, 2
1964, 4937, 3
1964, 5085, 1
1965, 5101, 6
1965, 4638, 3
1965, 4637, 2
1965, 4789, 4
1965, 4938, 7
1965, 4941, 2
1965, 5085, 1
1966, 5102, 2
1966, 4639, 2
1966, 4637, 2
1966, 4790, 2
1966, 4939, 3
1966, 4941, 3
1966, 5088, 1
1967, 5102, 4
1967, 4643, 2
1967, 4640, 2
1967, 4794, 3
1967, 4945, 11
1967, 4944, 2
1967, 5088, 3
1967, 5106, 1
1968, 5102, 6
1968, 4644, 4
1968, 4643, 1
1968, 4796, 18
1968, 4946, 5
1968, 4949, 7
1968, 5088, 9
1968, 5107, 3
1969, 5102, 10
1969, 4645, 2
1969, 4644, 4
1969, 4797, 6
1969, 4947, 2
1969, 4949, 11
1969, 5088, 14
1969, 5108, 5
1970, 5102, 14
1970, 4651, 1
1970, 4646, 1
1970, 4798, 3
1970, 4803, 7
1970, 4948, 2
1970, 4954, 4
1970, 5088, 21
1970, 11314, 55
1990, 5100, 1
1990, 4630, 1
1990, 4780, 2
1990, 4930, 1
1990, 4933, 1
1991, 5100, 2
1991, 4633, 1
1991, 4781, 1
1991, 4930, 1
1991, 4933, 1
1992, 5100, 5
1992, 4634, 1
1992, 4782, 1
1992, 4931, 1
1992, 4933, 2
1992, 5082, 1
1993, 5101, 2
1993, 4635, 4
1993, 4785, 2
1993, 4934, 4
1993, 4937, 2
1993, 5082, 1
1994, 5101, 4
1994, 4636, 2
1994, 4786, 2
1994, 4935, 2
1994, 4937, 3
1994, 5085, 1
1995, 5101, 6
1995, 4638, 3
1995, 4637, 2
1995, 4789, 4
1995, 4938, 7
1995, 4941, 2
1995, 5085, 1
1996, 5102, 2
1996, 4639, 2
1996, 4637, 2
1996, 4790, 2
1996, 4939, 3
1996, 4941, 3
1996, 5088, 1
1997, 5102, 4
1997, 4643, 2
1997, 4640, 2
1997, 4794, 3
1997, 4945, 11
1997, 4944, 2
1997, 5088, 3
1997, 5106, 1
1998, 5102, 6
1998, 4644, 4
1998, 4643, 1
1998, 4796, 18
1998, 4946, 5
1998, 4949, 7
1998, 5088, 9
1998, 5107, 3
1999, 5102, 10
1999, 4645, 2
1999, 4644, 4
1999, 4797, 6
1999, 4947, 2
1999, 4949, 11
1999, 5088, 14
1999, 5108, 5
2000, 5102, 14
2000, 4651, 1
2000, 4646, 1
2000, 4798, 3
2000, 4803, 7
2000, 4948, 2
2000, 4954, 4
2000, 5088, 21
2000, 11314, 55
2020, 5100, 2
2020, 4630, 2
2020, 4780, 3
2020, 4930, 1
2020, 4933, 1
2021, 5100, 3
2021, 4633, 1
2021, 4781, 1
2021, 4930, 1
2021, 4933, 2
2022, 5101, 1
2022, 4634, 1
2022, 4782, 1
2022, 4931, 1
2022, 4933, 3
2022, 5082, 1
2023, 5101, 3
2023, 4635, 7
2023, 4785, 3
2023, 4934, 7
2023, 4937, 3
2023, 5082, 2
2024, 5101, 5
2024, 4636, 3
2024, 4786, 3
2024, 4935, 2
2024, 4937, 4
2024, 5085, 1
2025, 5102, 2
2025, 4638, 4
2025, 4637, 3
2025, 4789, 6
2025, 4938, 10
2025, 4941, 8
2025, 5085, 2
2026, 5102, 3
2026, 4639, 2
2026, 4637, 2
2026, 4790, 3
2026, 4939, 4
2026, 4941, 10
2026, 5088, 1
2027, 5102, 5
2027, 4643, 2
2027, 4640, 2
2027, 4794, 4
2027, 4945, 16
2027, 4944, 10
2027, 5088, 4
2027, 5106, 1
2028, 5102, 10
2028, 4644, 7
2028, 4643, 2
2028, 4796, 28
2028, 4946, 8
2028, 4949, 11
2028, 5088, 12
2028, 5107, 6
2029, 5102, 15
2029, 4645, 3
2029, 4644, 7
2029, 4797, 10
2029, 4947, 3
2029, 4949, 17
2029, 5088, 18
2029, 5108, 9
2030, 5102, 22
2030, 4651, 1
2030, 4646, 2
2030, 4798, 5
2030, 4803, 12
2030, 4948, 3
2030, 4954, 6
2030, 5088, 27
2030, 11314, 80
2050, 5100, 4
2050, 4630, 4
2050, 4780, 8
2050, 4930, 3
2050, 4933, 2
2051, 5100, 6
2051, 4633, 2
2051, 4781, 3
2051, 4930, 3
2051, 4933, 4
2052, 5101, 3
2052, 4634, 3
2052, 4782, 3
2052, 4931, 3
2052, 4933, 8
2052, 5082, 2
2053, 5101, 7
2053, 4635, 16
2053, 4785, 9
2053, 4934, 16
2053, 4937, 8
2053, 5082, 4
2054, 5101, 12
2054, 4636, 9
2054, 4786, 8
2054, 4935, 7
2054, 4937, 10
2054, 5085, 2
2055, 5102, 3
2055, 4638, 12
2055, 4637, 9
2055, 4789, 13
2055, 4938, 25
2055, 4941, 8
2055, 5085, 4
2056, 5102, 5
2056, 4639, 6
2056, 4637, 6
2056, 4790, 9
2056, 4939, 10
2056, 4941, 10
2056, 5088, 2
2057, 5102, 10
2057, 4643, 3
2057, 4640, 5
2057, 4794, 9
2057, 4945, 34
2057, 4944, 3
2057, 5088, 10
2057, 5106, 2
2058, 5102, 16
2058, 4644, 11
2058, 4643, 3
2058, 4796, 45
2058, 4946, 14
2058, 4949, 18
2058, 5088, 30
2058, 5107, 9
2059, 5102, 24
2059, 4645, 5
2059, 4644, 11
2059, 4797, 15
2059, 4947, 5
2059, 4949, 27
2059, 5088, 45
2059, 5108, 14
2060, 5102, 36
2060, 4651, 1
2060, 4646, 3
2060, 4798, 7
2060, 4803, 18
2060, 4948, 4
2060, 4954, 9
2060, 5088, 68
2060, 11314, 119
2080, 5100, 1
2080, 4630, 1
2080, 4780, 2
2080, 4930, 1
2080, 4933, 1
2081, 5100, 2
2081, 4633, 1
2081, 4781, 1
2081, 4930, 1
2081, 4933, 1
2082, 5100, 5
2082, 4634, 1
2082, 4782, 1
2082, 4931, 1
2082, 4933, 2
2082, 5082, 1
2083, 5101, 2
2083, 4635, 4
2083, 4785, 2
2083, 4934, 4
2083, 4937, 2
2083, 5082, 1
2084, 5101, 4
2084, 4636, 2
2084, 4786, 2
2084, 4935, 2
2084, 4937, 3
2084, 5085, 1
2085, 5101, 6
2085, 4638, 3
2085, 4637, 2
2085, 4789, 4
2085, 4938, 8
2085, 4941, 2
2085, 5085, 1
2086, 5102, 2
2086, 4639, 2
2086, 4637, 2
2086, 4790, 2
2086, 4939, 3
2086, 4941, 3
2086, 5088, 1
2087, 5102, 4
2087, 4643, 2
2087, 4640, 2
2087, 4794, 3
2087, 4945, 12
2087, 4944, 2
2087, 5088, 3
2087, 5106, 1
2088, 5102, 6
2088, 4644, 4
2088, 4643, 1
2088, 4796, 17
2088, 4946, 5
2088, 4949, 7
2088, 5088, 9
2088, 5107, 3
2089, 5102, 9
2089, 4645, 2
2089, 4644, 4
2089, 4797, 6
2089, 4947, 2
2089, 4949, 10
2089, 5088, 14
2089, 5108, 5
2090, 5102, 13
2090, 4651, 1
2090, 4646, 1
2090, 4798, 3
2090, 4803, 7
2090, 4948, 2
2090, 4954, 3
2090, 5088, 21
2090, 11314, 55
2110, 5100, 1
2110, 4630, 1
2110, 4780, 2
2110, 4930, 1
2110, 4933, 1
2111, 5100, 2
2111, 4633, 1
2111, 4781, 1
2111, 4930, 1
2111, 4933, 1
2112, 5100, 5
2112, 4634, 1
2112, 4782, 1
2112, 4931, 1
2112, 4933, 2
2112, 5082, 1
2113, 5101, 2
2113, 4635, 4
2113, 4785, 2
2113, 4934, 4
2113, 4937, 2
2113, 5082, 1
2114, 5101, 4
2114, 4636, 2
2114, 4786, 2
2114, 4935, 2
2114, 4937, 3
2114, 5085, 1
2115, 5101, 6
2115, 4638, 3
2115, 4637, 2
2115, 4789, 4
2115, 4938, 8
2115, 4941, 2
2115, 5085, 1
2116, 5102, 2
2116, 4639, 2
2116, 4637, 2
2116, 4790, 2
2116, 4939, 3
2116, 4941, 3
2116, 5088, 1
2117, 5102, 4
2117, 4643, 2
2117, 4640, 2
2117, 4794, 3
2117, 4945, 12
2117, 4944, 2
2117, 5088, 3
2117, 5106, 1
2118, 5102, 6
2118, 4644, 4
2118, 4643, 1
2118, 4796, 17
2118, 4946, 5
2118, 4949, 7
2118, 5088, 9
2118, 5107, 3
2119, 5102, 9
2119, 4645, 2
2119, 4644, 4
2119, 4797, 6
2119, 4947, 2
2119, 4949, 10
2119, 5088, 14
2119, 5108, 5
2120, 5102, 13
2120, 4651, 1
2120, 4646, 1
2120, 4798, 3
2120, 4803, 7
2120, 4948, 2
2120, 4954, 3
2120, 5088, 21
2120, 11314, 55
2140, 5100, 2
2140, 4630, 1
2140, 4780, 1
2140, 4930, 3
2140, 4933, 2
2141, 5100, 3
2141, 4630, 1
2141, 4780, 1
2141, 4931, 1
2141, 4933, 3
2142, 5101, 1
2142, 4634, 1
2142, 4781, 1
2142, 4932, 1
2142, 4933, 6
2142, 5081, 1
2143, 5101, 3
2143, 4635, 3
2143, 4784, 5
2143, 4935, 4
2143, 4937, 6
2143, 5081, 2
2144, 5101, 5
2144, 4636, 2
2144, 4785, 2
2144, 4936, 3
2144, 4937, 8
2144, 5084, 1
2145, 5102, 2
2145, 4638, 2
2145, 4636, 2
2145, 4788, 7
2145, 4939, 3
2145, 4941, 6
2145, 5084, 2
2146, 5102, 3
2146, 4639, 1
2146, 4637, 1
2146, 4789, 2
2146, 4940, 2
2146, 4941, 8
2146, 5087, 1
2147, 5102, 5
2147, 4643, 2
2147, 4640, 3
2147, 4793, 2
2147, 4945, 22
2147, 4944, 3
2147, 5087, 4
2147, 5106, 1
2148, 5102, 10
2148, 4644, 3
2148, 4643, 1
2148, 4794, 2
2148, 4946, 16
2148, 4949, 21
2148, 5087, 12
2148, 5107, 6
2149, 5102, 14
2149, 4644, 5
2149, 4643, 1
2149, 4794, 3
2149, 4947, 5
2149, 4949, 31
2149, 5087, 18
2149, 5108, 9
2150, 5102, 21
2150, 4651, 1
2150, 4646, 1
2150, 4798, 1
2150, 4803, 3
2150, 4948, 5
2150, 4954, 11
2150, 5087, 27
2150, 11314, 63
2170, 5100, 4
2170, 4630, 2
2170, 4780, 2
2170, 4930, 7
2170, 4933, 4
2171, 5100, 6
2171, 4630, 3
2171, 4780, 3
2171, 4931, 2
2171, 4933, 8
2172, 5101, 3
2172, 4634, 3
2172, 4781, 2
2172, 4932, 3
2172, 4933, 16
2172, 5081, 2
2173, 5101, 7
2173, 4635, 8
2173, 4784, 12
2173, 4935, 10
2173, 4937, 16
2173, 5081, 4
2174, 5101, 12
2174, 4636, 5
2174, 4785, 5
2174, 4936, 8
2174, 4937, 20
2174, 5084, 2
2175, 5102, 3
2175, 4638, 5
2175, 4636, 4
2175, 4788, 17
2175, 4939, 7
2175, 4941, 16
2175, 5084, 4
2176, 5102, 5
2176, 4639, 3
2176, 4637, 3
2176, 4789, 6
2176, 4940, 6
2176, 4941, 20
2176, 5087, 2
2177, 5102, 10
2177, 4643, 2
2177, 4640, 4
2177, 4793, 3
2177, 4945, 56
2177, 4944, 5
2177, 5087, 10
2177, 5106, 2
2178, 5102, 15
2178, 4644, 5
2178, 4643, 2
2178, 4794, 3
2178, 4946, 25
2178, 4949, 34
2178, 5087, 30
2178, 5107, 9
2179, 5102, 22
2179, 4644, 7
2179, 4643, 2
2179, 4794, 5
2179, 4947, 8
2179, 4949, 50
2179, 5087, 45
2179, 5108, 14
2180, 5102, 33
2180, 4651, 1
2180, 4646, 2
2180, 4798, 2
2180, 4803, 4
2180, 4948, 7
2180, 4954, 17
2180, 5087, 68
2180, 11314, 91
2200, 5100, 1
2200, 4630, 1
2200, 4780, 1
2200, 4930, 2
2200, 4933, 1
2201, 5100, 2
2201, 4630, 1
2201, 4780, 1
2201, 4931, 1
2201, 4933, 2
2202, 5100, 5
2202, 4634, 1
2202, 4781, 1
2202, 4932, 1
2202, 4933, 5
2202, 5081, 1
2203, 5101, 2
2203, 4635, 2
2203, 4784, 4
2203, 4935, 3
2203, 4937, 5
2203, 5081, 1
2204, 5101, 4
2204, 4636, 2
2204, 4785, 2
2204, 4936, 2
2204, 4937, 6
2204, 5084, 1
2205, 5101, 6
2205, 4638, 2
2205, 4636, 1
2205, 4788, 5
2205, 4939, 2
2205, 4941, 5
2205, 5084, 1
2206, 5102, 2
2206, 4639, 1
2206, 4637, 1
2206, 4789, 2
2206, 4940, 2
2206, 4941, 6
2206, 5087, 1
2207, 5102, 5
2207, 4643, 2
2207, 4640, 2
2207, 4793, 2
2207, 4945, 17
2207, 4944, 2
2207, 5087, 3
2207, 5106, 1
2208, 5102, 8
2208, 4644, 2
2208, 4643, 1
2208, 4794, 2
2208, 4946, 13
2208, 4949, 17
2208, 5087, 9
2208, 5107, 3
2209, 5102, 11
2209, 4644, 4
2209, 4643, 1
2209, 4794, 2
2209, 4947, 4
2209, 4949, 25
2209, 5087, 14
2209, 5108, 5
2210, 5102, 13
2210, 4651, 1
2210, 4646, 1
2210, 4798, 1
2210, 4803, 2
2210, 4948, 3
2210, 4954, 7
2210, 5087, 21
2210, 11314, 44
2230, 5100, 1
2230, 4630, 1
2230, 4780, 1
2230, 4930, 2
2230, 4933, 1
2231, 5100, 2
2231, 4630, 1
2231, 4780, 1
2231, 4931, 1
2231, 4933, 2
2232, 5100, 5
2232, 4634, 1
2232, 4781, 1
2232, 4932, 1
2232, 4933, 5
2232, 5081, 1
2233, 5101, 2
2233, 4635, 2
2233, 4784, 4
2233, 4935, 3
2233, 4937, 5
2233, 5081, 1
2234, 5101, 4
2234, 4636, 2
2234, 4785, 2
2234, 4936, 2
2234, 4937, 6
2234, 5084, 1
2235, 5101, 6
2235, 4638, 2
2235, 4636, 1
2235, 4788, 5
2235, 4939, 2
2235, 4941, 5
2235, 5084, 1
2236, 5102, 2
2236, 4639, 1
2236, 4637, 1
2236, 4789, 2
2236, 4940, 2
2236, 4941, 6
2236, 5087, 1
2237, 5102, 5
2237, 4643, 2
2237, 4640, 2
2237, 4793, 2
2237, 4945, 17
2237, 4944, 2
2237, 5087, 3
2237, 5106, 1
2238, 5102, 8
2238, 4644, 2
2238, 4643, 1
2238, 4794, 2
2238, 4946, 13
2238, 4949, 17
2238, 5087, 9
2238, 5107, 3
2239, 5102, 11
2239, 4644, 4
2239, 4643, 1
2239, 4794, 2
2239, 4947, 4
2239, 4949, 25
2239, 5087, 14
2239, 5108, 5
2240, 5102, 13
2240, 4651, 1
2240, 4646, 1
2240, 4798, 1
2240, 4803, 2
2240, 4948, 3
2240, 4954, 7
2240, 5087, 21
2240, 11314, 44
2260, 5100, 2
2260, 4630, 1
2260, 4780, 1
2260, 4930, 3
2260, 4933, 4
2261, 5100, 3
2261, 4630, 1
2261, 4780, 1
2261, 4931, 1
2261, 4933, 8
2262, 5101, 1
2262, 4634, 1
2262, 4781, 1
2262, 4932, 1
2262, 4933, 16
2262, 5081, 2
2263, 5101, 3
2263, 4635, 3
2263, 4784, 4
2263, 4935, 3
2263, 4937, 16
2263, 5081, 4
2264, 5101, 5
2264, 4636, 2
2264, 4785, 2
2264, 4936, 3
2264, 4937, 20
2264, 5084, 2
2265, 5102, 2
2265, 4638, 2
2265, 4636, 2
2265, 4788, 6
2265, 4939, 3
2265, 4941, 16
2265, 5084, 4
2266, 5102, 3
2266, 4639, 1
2266, 4637, 1
2266, 4789, 2
2266, 4940, 2
2266, 4941, 20
2266, 5087, 2
2267, 5102, 4
2267, 4643, 2
2267, 4640, 3
2267, 4793, 2
2267, 4945, 19
2267, 4944, 5
2267, 5087, 4
2267, 5106, 1
2268, 5102, 9
2268, 4644, 3
2268, 4643, 1
2268, 4794, 2
2268, 4946, 15
2268, 4949, 20
2268, 5087, 12
2268, 5107, 6
2269, 5102, 13
2269, 4644, 4
2269, 4643, 1
2269, 4794, 3
2269, 4947, 5
2269, 4949, 29
2269, 5087, 18
2269, 5108, 9
2270, 5102, 19
2270, 4651, 1
2270, 4646, 1
2270, 4798, 1
2270, 4803, 3
2270, 4948, 4
2270, 4954, 10
2270, 5087, 27
2270, 11314, 59
2290, 5100, 4
2290, 4630, 2
2290, 4780, 2
2290, 4930, 6
2290, 4933, 4
2291, 5100, 6
2291, 4630, 3
2291, 4780, 3
2291, 4931, 2
2291, 4933, 8
2292, 5101, 3
2292, 4634, 3
2292, 4781, 2
2292, 4932, 3
2292, 4933, 16
2292, 5081, 2
2293, 5101, 7
2293, 4635, 7
2293, 4784, 10
2293, 4935, 9
2293, 4937, 16
2293, 5081, 4
2294, 5101, 12
2294, 4636, 4
2294, 4785, 4
2294, 4936, 7
2294, 4937, 20
2294, 5084, 2
2295, 5102, 3
2295, 4638, 4
2295, 4636, 3
2295, 4788, 15
2295, 4939, 6
2295, 4941, 16
2295, 5084, 4
2296, 5102, 5
2296, 4639, 3
2296, 4637, 3
2296, 4789, 5
2296, 4940, 5
2296, 4941, 20
2296, 5087, 2
2297, 5102, 10
2297, 4643, 2
2297, 4640, 3
2297, 4793, 4
2297, 4945, 59
2297, 4944, 5
2297, 5087, 10
2297, 5106, 2
2298, 5102, 14
2298, 4644, 5
2298, 4643, 2
2298, 4794, 3
2298, 4946, 24
2298, 4949, 32
2298, 5087, 30
2298, 5107, 9
2299, 5102, 21
2299, 4644, 7
2299, 4643, 2
2299, 4794, 4
2299, 4947, 8
2299, 4949, 47
2299, 5087, 45
2299, 5108, 14
2300, 5102, 31
2300, 4651, 1
2300, 4646, 2
2300, 4798, 2
2300, 4803, 4
2300, 4948, 7
2300, 4954, 16
2300, 5087, 68
2300, 11314, 86
2320, 5100, 1
2320, 4630, 1
2320, 4780, 1
2320, 4930, 2
2320, 4933, 4
2321, 5100, 2
2321, 4630, 1
2321, 4780, 1
2321, 4931, 1
2321, 4933, 8
2322, 5100, 5
2322, 4634, 1
2322, 4781, 1
2322, 4932, 1
2322, 4933, 16
2322, 5081, 2
2323, 5101, 2
2323, 4635, 2
2323, 4784, 3
2323, 4935, 3
2323, 4937, 16
2323, 5081, 4
2324, 5101, 4
2324, 4636, 2
2324, 4785, 2
2324, 4936, 2
2324, 4937, 20
2324, 5084, 2
2325, 5101, 6
2325, 4638, 2
2325, 4636, 1
2325, 4788, 4
2325, 4939, 2
2325, 4941, 16
2325, 5084, 4
2326, 5102, 2
2326, 4639, 1
2326, 4637, 1
2326, 4789, 2
2326, 4940, 2
2326, 4941, 20
2326, 5087, 2
2327, 5102, 4
2327, 4643, 2
2327, 4640, 2
2327, 4793, 2
2327, 4945, 15
2327, 4944, 5
2327, 5087, 3
2327, 5106, 1
2328, 5102, 7
2328, 4644, 2
2328, 4643, 1
2328, 4794, 2
2328, 4946, 12
2328, 4949, 16
2328, 5087, 9
2328, 5107, 3
2329, 5102, 10
2329, 4644, 4
2329, 4643, 1
2329, 4794, 2
2329, 4947, 4
2329, 4949, 23
2329, 5087, 14
2329, 5108, 5
2330, 5102, 12
2330, 4651, 1
2330, 4646, 1
2330, 4798, 1
2330, 4803, 2
2330, 4948, 3
2330, 4954, 6
2330, 5087, 21
2330, 11314, 42
2350, 5100, 1
2350, 4630, 1
2350, 4780, 1
2350, 4930, 2
2350, 4933, 4
2351, 5100, 2
2351, 4630, 1
2351, 4780, 1
2351, 4931, 1
2351, 4933, 8
2352, 5100, 5
2352, 4634, 1
2352, 4781, 1
2352, 4932, 1
2352, 4933, 16
2352, 5081, 2
2353, 5101, 2
2353, 4635, 2
2353, 4784, 3
2353, 4935, 3
2353, 4937, 16
2353, 5081, 4
2354, 5101, 4
2354, 4636, 2
2354, 4785, 2
2354, 4936, 2
2354, 4937, 20
2354, 5084, 2
2355, 5101, 6
2355, 4638, 2
2355, 4636, 1
2355, 4788, 4
2355, 4939, 2
2355, 4941, 16
2355, 5084, 4
2356, 5102, 2
2356, 4639, 1
2356, 4637, 1
2356, 4789, 2
2356, 4940, 2
2356, 4941, 20
2356, 5087, 2
2357, 5102, 4
2357, 4643, 2
2357, 4640, 2
2357, 4793, 2
2357, 4945, 15
2357, 4944, 5
2357, 5087, 3
2357, 5106, 1
2358, 5102, 7
2358, 4644, 2
2358, 4643, 1
2358, 4794, 2
2358, 4946, 12
2358, 4949, 16
2358, 5087, 9
2358, 5107, 3
2359, 5102, 10
2359, 4644, 4
2359, 4643, 1
2359, 4794, 2
2359, 4947, 4
2359, 4949, 23
2359, 5087, 14
2359, 5108, 5
2360, 5102, 12
2360, 4651, 1
2360, 4646, 1
2360, 4798, 1
2360, 4803, 2
2360, 4948, 3
2360, 4954, 6
2360, 5087, 21
2360, 11314, 42
4352, 4351, 2
4356, 5100, 1
4356, 4352, 2
4392, 4391, 2
4396, 5100, 1
4396, 4392, 2
4542, 5102, 1
4542, 4541, 5
4543, 5102, 3
4543, 4542, 5
4544, 5102, 5
8150, 8150, 3
4545, 5102, 10
4545, 4544, 10
4546, 5102, 20
4546, 4545, 10
4562, 5101, 1
4562, 4561, 5
4563, 5101, 3
4563, 4562, 5
4564, 5101, 6
4564, 4563, 5
4565, 5101, 12
4565, 4564, 10
4566, 5101, 24
4566, 4565, 10
4633, 4630, 1
4633, 4631, 1
4633, 5162, 1
4634, 4630, 3
4634, 4632, 1
4634, 5162, 3
4636, 4635, 3
4636, 5162, 2
4637, 4636, 2
4637, 5162, 4
4639, 4638, 3
4639, 5179, 1
4640, 4639, 2
4640, 5179, 3
4642, 4641, 3
4642, 5179, 2
4643, 4642, 2
4643, 5179, 4
4645, 4644, 3
4645, 5161, 1
4646, 4645, 2
4646, 5161, 3
4647, 4644, 3
4647, 5109, 1
4647, 5161, 1
4648, 4647, 2
4648, 5161, 3
4650, 4649, 3
4650, 5180, 2
4651, 4650, 2
4651, 5110, 1
4651, 5180, 4
4652, 4650, 2
4652, 5108, 1
4652, 5180, 4
4781, 4780, 4
4781, 5168, 1
4782, 4781, 2
4782, 5168, 3
4783, 4780, 1
4785, 4784, 4
4785, 5168, 2
4786, 4785, 2
4786, 5168, 4
4787, 4784, 1
4789, 4788, 4
4789, 5170, 1
4790, 4789, 2
4790, 5170, 3
4791, 4788, 1
4793, 4792, 4
4793, 5170, 2
4794, 4793, 2
4794, 5170, 4
4795, 4792, 1
4797, 4796, 4
4797, 5172, 1
4798, 4797, 2
4798, 5172, 3
4799, 4796, 1
4801, 4800, 4
4801, 5172, 1
4802, 4801, 2
4802, 5172, 3
4803, 4800, 1
971, 5224, 1
0, 0, 0
4880, 8063, 1
4880, 8064, 1
4881, 13513, 1
4881, 13507, 1
4881, 13510, 1
4882, 13515, 1
4882, 13507, 1
4882, 13510, 1
4883, 13517, 1
4883, 13507, 1
4883, 13510, 1
4884, 4597, 1
4884, 4514, 1
4884, 4533, 1
4885, 4598, 1
4885, 4514, 1
4885, 4533, 1
4886, 4599, 1
4886, 4514, 1
4886, 4533, 1
4931, 4930, 4
4931, 5169, 1
4932, 4931, 2
4932, 5169, 3
4933, 4930, 1
4935, 4934, 4
4935, 5169, 2
4936, 4935, 2
4936, 5169, 4
4937, 4934, 1
4939, 4938, 4
4939, 5171, 1
4940, 4939, 2
4940, 5171, 3
4941, 4938, 1
4943, 4942, 4
4943, 5171, 2
4944, 4943, 2
4944, 5171, 4
4945, 4942, 1
4947, 4946, 4
4947, 5173, 1
4948, 4947, 2
4948, 5173, 3
4949, 4946, 1
4952, 4951, 4
4952, 5175, 2
4953, 4952, 2
4953, 5175, 4
4954, 4951, 1
5083, 5080, 3
5084, 5081, 3
5085, 5082, 3
5086, 5083, 3
5087, 5084, 3
5088, 5085, 3
5101, 5100, 6
5102, 5101, 6
5102, 5083, 1
5102, 5084, 1
5102, 5085, 1
5111, 4639, 1
5111, 4941, 2
5321, 5100, 2
5321, 5320, 5
5322, 5100, 7
5322, 5321, 5
0, 0, 0
